{"content":[],"settings":{"template":"default","system_colors":[{"_id":"primary","title":"Primary","color":"#6EC1E4"},{"_id":"secondary","title":"Secondary","color":"#54595F"},{"_id":"text","title":"Text","color":"#7A7A7A"},{"_id":"accent","title":"Accent"}],"custom_colors":[{"_id":"2e6c5c0","title":"Hover Green","color":"#9FCE00"}],"system_typography":[{"_id":"primary","title":"Primary","typography_typography":"custom","typography_font_family":"Roboto","typography_font_weight":"600"},{"_id":"secondary","title":"Secondary","typography_typography":"custom","typography_font_family":"Roboto Slab","typography_font_weight":"400"},{"_id":"text","title":"Text","typography_typography":"custom","typography_font_family":"Roboto","typography_font_weight":"400"},{"_id":"accent","title":"Accent","typography_typography":"custom","typography_font_family":"Roboto","typography_font_weight":"500"}],"custom_typography":[],"default_generic_fonts":"Sans-serif","page_title_selector":"h1.entry-title","activeItemIndex":1,"viewport_md":768,"viewport_lg":1025},"metadata":[],"theme":{"name":"Astra","theme_uri":"https:\/\/wpastra.com\/","version":"4.11.17","slug":"astra"},"experiments":{"e_font_icon_svg":{"name":"e_font_icon_svg","title":"Inline lettertype iconen","state":"default","default":"inactive","release_status":"stable"},"additional_custom_breakpoints":{"name":"additional_custom_breakpoints","title":"Extra aangepaste breakpoints","state":"default","default":"active","release_status":"stable"},"container":{"name":"container","title":"Container","state":"active","default":"inactive","release_status":"stable"},"e_optimized_markup":{"name":"e_optimized_markup","title":"Geoptimaliseerde markup","state":"default","default":"inactive","release_status":"stable"},"e_pro_free_trial_popup":{"name":"e_pro_free_trial_popup","title":"Pro gratis proef pop-up","state":"default","default":"inactive","release_status":"alpha"},"nested-elements":{"name":"nested-elements","title":"Geneste elementen","state":"default","default":"active","release_status":"stable"},"pages_panel":{"name":"pages_panel","title":"Pagina&#039;s paneel","state":"default","default":"inactive","release_status":"alpha"},"home_screen":{"name":"home_screen","title":"Elementor home scherm","state":"default","default":"active","release_status":"stable"},"e_atomic_elements":{"name":"e_atomic_elements","title":"Atomic widgets","state":"default","default":"inactive","release_status":"alpha"},"e_classes":{"name":"e_classes","title":"Globale klassen","state":"default","default":"inactive","release_status":"alpha"},"global_classes_should_enforce_capabilities":{"name":"global_classes_should_enforce_capabilities","title":"Globale klassen rechten afdwingen","state":"default","default":"active","release_status":"dev"},"e_variables":{"name":"e_variables","title":"Variabelen","state":"default","default":"active","release_status":"alpha"},"cloud-library":{"name":"cloud-library","title":"Cloud bibliotheek","state":"default","default":"active","release_status":"stable"},"e_opt_in_v4_page":{"name":"e_opt_in_v4_page","title":"Editor v4 (Opt-in pagina)","state":"default","default":"active","release_status":"alpha"},"e_opt_in_v4":{"name":"e_opt_in_v4","title":"Editor V4","state":"default","default":"inactive","release_status":"alpha"},"e_components":{"name":"e_components","title":"Componenten","state":"default","default":"active","release_status":"beta"},"e_interactions":{"name":"e_interactions","title":"Interacties","state":"default","default":"active","release_status":"dev"},"e_editor_one":{"name":"e_editor_one","title":"Redacteur \u00e9\u00e9n","state":"default","default":"active","release_status":"stable"},"import-export-customization":{"name":"import-export-customization","title":"Importeren\/exporteren aanpassing","state":"default","default":"active","release_status":"beta"},"in_editor_feedback":{"name":"in_editor_feedback","title":"Feedback in de editor","state":"default","default":"inactive","release_status":"beta"},"editor_events":{"name":"editor_events","title":"Elementor editor gebeurtenissen","state":"default","default":"inactive","release_status":"alpha"}}}