{"content":[{"id":"7c93df05","settings":{"min_height":{"unit":"vh","size":85,"sizes":[]},"background_background":"classic","background_image":{"id":2388,"url":"https:\/\/jvwinfraservice.nl\/wp-content\/uploads\/2026\/01\/ab-vakwerk_8a3a3152.jpg","alt":"","source":"library","size":""},"background_position":"center center","background_attachment":"scroll","background_repeat":"no-repeat","background_size":"cover","background_overlay_background":"gradient","background_overlay_color_b":"#00000000","background_overlay_opacity":{"unit":"px","size":0.68,"sizes":[]},"padding":{"unit":"px","top":"50","right":"0","bottom":"0","left":"0","isLinked":false},"min_height_tablet":{"unit":"px","size":480,"sizes":[]},"min_height_mobile":{"unit":"px","size":414,"sizes":[]},"padding_tablet":{"unit":"px","top":"70","right":"0","bottom":"10","left":"0","isLinked":false},"padding_mobile":{"unit":"px","top":"64","right":"0","bottom":"0","left":"0","isLinked":false},"flex_direction":"row","flex_align_items":"stretch","flex_gap":{"size":0,"unit":"px","column":"0","row":"0","isLinked":true},"margin":{"unit":"px","top":"0","right":"0","bottom":"0","left":"0","isLinked":false},"__globals__":{"background_overlay_color":"","background_color":"globals\/colors?id=astglobalcolor6"},"background_overlay_color":"#000000","background_overlay_color_stop":{"unit":"%","size":18,"sizes":[]},"background_overlay_color_b_stop":{"unit":"%","size":42,"sizes":[]},"background_overlay_gradient_angle":{"unit":"deg","size":80,"sizes":[]}},"elements":[{"id":"77f54cd5","settings":{"_column_size":100,"width":{"size":null,"unit":"%"},"min_height":{"unit":"px","size":0,"sizes":[]},"flex_justify_content":"center","margin":{"unit":"px","top":"0","right":"0","bottom":"0","left":"0","isLinked":false},"padding":{"unit":"px","top":"0","right":"0","bottom":"0","left":"0","isLinked":false},"content_width":"full","flex_direction":"row","flex_direction_mobile":"row-reverse","flex_gap":{"column":"0","row":"0","isLinked":true,"unit":"px","size":0}},"elements":[{"id":"15c998de","settings":{"content_width":"full","flex_justify_content":"flex-end","margin":{"unit":"px","top":"0","right":"0","bottom":"0","left":"0","isLinked":false},"margin_mobile":{"unit":"px","top":"-49","right":"0","bottom":"0","left":"0","isLinked":false},"z_index":2,"flex_gap":{"column":"0","row":"0","isLinked":true,"unit":"px","size":0},"padding":{"unit":"px","top":"0","right":"0","bottom":"80","left":"0","isLinked":false}},"elements":[{"id":"4f6f4b6f","settings":{"title":"Specialist in ","header_size":"h1","align":"left","typography_typography":"custom","typography_font_size":{"unit":"px","size":28,"sizes":[]},"typography_letter_spacing":{"unit":"px","size":-1.2,"sizes":[]},"typography_font_size_mobile":{"unit":"px","size":38,"sizes":[]},"__globals__":{"title_color":""},"title_color":"#EC7F24","typography_font_family":"Work Sans","_animation":"fadeInLeft","animation_duration":"fast","typography_font_weight":"600"},"elements":[],"isInner":false,"widgetType":"heading","elType":"widget"},{"id":"5cd0bd77","settings":{"title":"<b>kabel- en leidingtrac\u00e9s<\/b>","header_size":"h1","align":"left","typography_typography":"custom","typography_font_size":{"unit":"px","size":60,"sizes":[]},"_margin":{"unit":"px","top":"0","right":"0","bottom":"0","left":"0","isLinked":false},"typography_letter_spacing":{"unit":"px","size":-3,"sizes":[]},"typography_font_size_tablet":{"unit":"px","size":98,"sizes":[]},"typography_font_size_mobile":{"unit":"px","size":50,"sizes":[]},"typography_letter_spacing_tablet":{"unit":"px","size":-2,"sizes":[]},"_margin_tablet":{"unit":"px","top":"-45","right":"0","bottom":"0","left":"0","isLinked":false},"_margin_mobile":{"unit":"px","top":"-40","right":"0","bottom":"0","left":"0","isLinked":false},"__globals__":{"title_color":"globals\/colors?id=astglobalcolor6"},"typography_font_family":"Work Sans","_animation":"fadeInLeft"},"elements":[],"isInner":false,"widgetType":"heading","elType":"widget"},{"id":"52b7edd","settings":{"content_width":"full","width":{"unit":"px","size":600,"sizes":[]},"flex_gap":{"column":"5","row":"5","isLinked":true,"unit":"px","size":5},"_element_id":"over","z_index_mobile":2},"elements":[{"id":"16444492","settings":{"text":"Meer over mij","link":{"url":"\/over\/","is_external":"","nofollow":"","custom_attributes":""},"selected_icon":{"value":{"url":"https:\/\/jvwinfraservice.nl\/wp-content\/uploads\/2025\/12\/arrow-right-up-svgrepo-com-6.svg","id":2235},"library":"svg"},"icon_align":"row-reverse","icon_indent":{"unit":"px","size":15,"sizes":[]},"_animation":"fadeInUp","__globals__":{"hover_color":"globals\/colors?id=astglobalcolor6","button_background_hover_color":"globals\/colors?id=astglobalcolor4"}},"elements":[],"isInner":false,"widgetType":"button","elType":"widget"}],"isInner":true,"elType":"container"}],"isInner":true,"elType":"container"},{"id":"54855aa1","settings":{"content_width":"full","flex_justify_content":"flex-end","flex_align_items":"flex-end","padding":{"unit":"px","top":"0","right":"20","bottom":"80","left":"0","isLinked":false}},"elements":[{"id":"555e4054","settings":{"content_width":"full","width":{"unit":"%","size":90,"sizes":[]},"background_background":"classic","border_radius":{"unit":"px","top":"25","right":"25","bottom":"25","left":"25","isLinked":true},"padding":{"unit":"px","top":"25","right":"25","bottom":"25","left":"25","isLinked":true},"animation":"fadeInRight","__globals__":{"background_color":"globals\/colors?id=astglobalcolor6"}},"elements":[{"id":"bf65dcb","settings":{"editor":"<p data-start=\"77\" data-end=\"442\">JVW Infra Service is gespecialiseerd in kleinschalige grond- en infrawerkzaamheden. Wij voeren onder andere ontgravingen voor funderingen en aanbouwen uit, leggen kabel- en leidingtrac\u00e9s aan en plaatsen buitenkasten en aardingsvoorzieningen. Met een praktische aanpak en jarenlange ervaring zorgen wij voor een nette en betrouwbare uitvoering van ieder project.<\/p>","_margin":{"unit":"px","top":"0","right":"15","bottom":"0","left":"15","isLinked":false},"__globals__":{"text_color":"globals\/colors?id=astglobalcolor2"}},"elements":[],"isInner":false,"widgetType":"text-editor","elType":"widget"}],"isInner":true,"elType":"container"}],"isInner":true,"elType":"container"}],"isInner":true,"elType":"container"},{"id":"e7b512b","settings":{"html":"<!-- JVW Infraservice pill header -->\r\n<header class=\"et-header-shell\">\r\n  <div class=\"et-header-bar\">\r\n    <a href=\"\/\" class=\"et-header-logo\">\r\n      <!-- Licht logo (bovenaan \/ v\u00f3\u00f3r scroll) -->\r\n      <img\r\n        class=\"et-logo-light\" src=\"https:\/\/jvwinfraservice.nl\/wp-content\/uploads\/2025\/12\/JVW-Infra-service-wit.png\"\r\n        alt=\"JVW Infraservice\"\r\n      \/>\r\n      <!-- Donker logo (na scroll) -->\r\n      <img\r\n        class=\"et-logo-dark\"\r\n        src=\"https:\/\/jvwinfraservice.nl\/wp-content\/uploads\/2025\/12\/JVW-Infraservice-logo-2.png\"\r\n        alt=\"JVW Infraservice\"\r\n      \/>\r\n    <\/a>\r\n\r\n    <nav class=\"et-header-nav\">\r\n      <ul class=\"et-nav-list\">\r\n        <li><a href=\"#\">Diensten<\/a><\/li>\r\n\r\n        <li class=\"et-has-sub\">\r\n          <a href=\"#\" class=\"et-has-arrow\">\r\n            Over JVW Infraservice\r\n            <span class=\"et-arrow-down\"><\/span>\r\n          <\/a>\r\n          <ul class=\"et-submenu\">\r\n\r\n            <li>\r\n              <a href=\"#\">\r\n                <span>Werkwijze<\/span>\r\n                <img src=\"https:\/\/jvwinfraservice.nl\/wp-content\/uploads\/2026\/01\/arrow-right-up-svgrepo-com-7.svg\" alt=\"\" class=\"et-sub-arrow\">\r\n              <\/a>\r\n            <\/li>\r\n            <li>\r\n              <a href=\"#\">\r\n                <span>Samenwerken<\/span>\r\n                <img src=\"https:\/\/jvwinfraservice.nl\/wp-content\/uploads\/2026\/01\/arrow-right-up-svgrepo-com-7.svg\" alt=\"\" class=\"et-sub-arrow\">\r\n              <\/a>\r\n            <\/li>\r\n\r\n          <\/ul>\r\n        <\/li>\r\n\r\n        <li><a href=\"#\">Projecten<\/a><\/li>\r\n        <li><a href=\"#\">Contact<\/a><\/li>\r\n      <\/ul>\r\n    <\/nav>\r\n\r\n    <a href=\"mailto:Info@jvwinfraservice.nl\" class=\"et-header-cta\">\r\n      <span class=\"et-cta-text\">Info@jvwinfraservice.nl<\/span>\r\n      <span class=\"et-cta-arrow\">\r\n        <img\r\n          src=\"https:\/\/jvwinfraservice.nl\/wp-content\/uploads\/2026\/01\/arrow-right-up-svgrepo-com-7.svg\"\r\n          alt=\"\"\r\n        \/>\r\n      <\/span>\r\n    <\/a>\r\n\r\n    <button class=\"et-burger\" aria-label=\"Menu\">\r\n      <img\r\n        class=\"et-burger-icon\"\r\n        src=\"https:\/\/startupsites-tijdelijke-website.nl\/wp-content\/uploads\/2025\/11\/burger-menu-right-svgrepo-com.svg\"\r\n        alt=\"\"\r\n      \/>\r\n    <\/button>\r\n\r\n  <\/div>\r\n<\/header>\r\n\r\n<style>\r\n  :root {\r\n    --et-green: #EC7F24; \/* aangepaste kleur *\/\r\n    --et-dark: #142028;\r\n    --et-white: #ffffff;\r\n  }\r\n\r\n  .et-header-shell {\r\n    position: fixed;\r\n    top: 0;\r\n    left: 0;\r\n    width: 100%;\r\n    z-index: 9999;\r\n    pointer-events: none;\r\n    background: transparent;\r\n  }\r\n\r\n  .et-header-shell .et-header-bar {\r\n    pointer-events: auto;\r\n    max-width: 1180px;\r\n    margin: 20px auto 0;\r\n    padding: 0px 22px;\r\n    border-radius: 999px;\r\n    background: rgba(0, 0, 0, 0.1);\r\n    border-style: solid;\r\n    border-color: rgba(255, 255, 255, 0.7);\r\n    border-width: 1px;\r\n    display: flex;\r\n    align-items: center;\r\n    gap: 24px;\r\n    box-shadow: 0 0 0 rgba(0,0,0,0);\r\n    transition: background 0.25s ease, border-color 0.25s ease, box-shadow 0.25s ease;\r\n  }\r\n\r\n  .et-header-shell.scrolled .et-header-bar {\r\n    background: #ffffff;\r\n    border-color: rgba(0,0,0,0.04);\r\n    box-shadow: 0 12px 32px rgba(0,0,0,0.08);\r\n  }\r\n\r\n  .et-header-logo {\r\n    display: flex;\r\n    align-items: center;\r\n  }\r\n\r\n  .et-header-logo img {\r\n    height: 100px;\r\n    width: auto;\r\n  }\r\n\r\n  .et-header-shell .et-logo-light {\r\n    display: block !important;\r\n  }\r\n  .et-header-shell .et-logo-dark {\r\n    display: none !important;\r\n  }\r\n  .et-header-shell.scrolled .et-logo-light {\r\n    display: none !important;\r\n  }\r\n  .et-header-shell.scrolled .et-logo-dark {\r\n    display: block !important;\r\n  }\r\n\r\n  .et-header-nav { flex: 1; }\r\n  .et-nav-list {\r\n    display: flex;\r\n    align-items: center;\r\n    justify-content: flex-end;\r\n    gap: 26px;\r\n    list-style: none;\r\n    margin: 0;\r\n    padding: 0;\r\n  }\r\n  .et-nav-list > li > a {\r\n    position: relative;\r\n    font-size: 15px;\r\n    text-decoration: none;\r\n    color: #ffffff;\r\n    padding: 4px 0;\r\n    transition: color 0.2s ease;\r\n  }\r\n  .et-nav-list > li > a::after {\r\n    content: \"\";\r\n    position: absolute;\r\n    left: 0;\r\n    bottom: -4px;\r\n    width: 0;\r\n    height: 2px;\r\n    background: var(--et-green);\r\n    transition: width 0.2s ease;\r\n  }\r\n  .et-nav-list > li > a:hover::after { width: 100%; }\r\n  .et-header-shell.scrolled .et-nav-list > li > a { color: var(--et-dark); }\r\n\r\n  .et-has-arrow { display: inline-flex; align-items: center; gap: 6px; }\r\n  .et-arrow-down {\r\n    width: 18px;\r\n    height: 18px;\r\n    border-radius: 999px;\r\n    border: 1px solid rgba(255,255,255,0.7);\r\n    display: inline-flex;\r\n    align-items: center;\r\n    justify-content: center;\r\n    position: relative;\r\n  }\r\n  .et-arrow-down::before {\r\n    content: \"\";\r\n    border: 4px solid transparent;\r\n    border-top-color: rgba(255,255,255,0.9);\r\n    transform: translateY(2px);\r\n  }\r\n  .et-header-shell.scrolled .et-arrow-down { border-color: rgba(0,0,0,0.15); }\r\n  .et-header-shell.scrolled .et-arrow-down::before { border-top-color: rgba(0,0,0,0.65); }\r\n\r\n  .et-has-sub { position: relative; }\r\n  .et-has-sub .et-submenu {\r\n    position: absolute;\r\n    top: 95%;\r\n    left: 0;\r\n    min-width: 230px;\r\n    padding: 10px 0;\r\n    background: #ffffff;\r\n    border-radius: 16px;\r\n    list-style: none;\r\n    margin: 0;\r\n    box-shadow: 0 14px 40px rgba(0,0,0,0.12);\r\n    display: none;\r\n    z-index: 20;\r\n  }\r\n  .et-has-sub:hover .et-submenu { display: block; }\r\n  .et-submenu li a {\r\n    display: flex;\r\n    align-items: center;\r\n    justify-content: space-between;\r\n    gap: 10px;\r\n    padding: 9px 16px;\r\n    font-size: 14px;\r\n    text-decoration: none;\r\n    color: var(--et-dark);\r\n  }\r\n  .et-submenu li a:hover { background: #f5f7fa; }\r\n  .et-sub-arrow { width: 14px; height: 14px; flex-shrink: 0; }\r\n\r\n  .et-header-cta {\r\n    margin-left: 16px;\r\n    padding: 7px 24px 7px 20px;\r\n    border-radius: 999px;\r\n    border: 1px solid var(--et-green);\r\n    background: var(--et-green);\r\n    color: #ffffff;\r\n    font-size: 14px;\r\n    font-weight: 600;\r\n    text-decoration: none;\r\n    display: inline-flex;\r\n    align-items: center;\r\n    gap: 10px;\r\n    white-space: nowrap;\r\n    transition: background 0.2s ease, border-color 0.2s ease, transform 0.1s ease;\r\n  }\r\n  .et-cta-arrow {\r\n    width: 26px;\r\n    height: 26px;\r\n    border-radius: 999px;\r\n    background: #ffffff;\r\n    display: inline-flex;\r\n    align-items: center;\r\n    justify-content: center;\r\n    flex-shrink: 0;\r\n    margin-right: -16px;\r\n  }\r\n  .et-cta-arrow img { width: 16px; height: 16px; display: block; }\r\n  .et-header-cta:hover {\r\n    background: #d9711a;\r\n    border-color: #d9711a;\r\n    transform: translateY(-1px);\r\n    color: #ffffff;\r\n  }\r\n  .et-header-shell.scrolled .et-header-cta {\r\n    background: var(--et-green);\r\n    border-color: var(--et-green);\r\n    color: #ffffff;\r\n  }\r\n\r\n  \/* Burger-menu (mobiel) *\/\r\n  .et-burger { display: none; width: 32px; height: 28px; border: none; background: none; padding: 0; cursor: pointer; }\r\n  .et-burger-icon { width: 20px; height: 20px; display: block; }\r\n<\/style>\r\n\r\n<script>\r\n  (function () {\r\n    const shell = document.querySelector('.et-header-shell');\r\n    const nav = document.querySelector('.et-header-nav');\r\n    const burger = document.querySelector('.et-burger');\r\n    const subParent = document.querySelector('.et-has-sub');\r\n\r\n    function onScroll() {\r\n      if (window.scrollY > 10) shell.classList.add('scrolled');\r\n      else shell.classList.remove('scrolled');\r\n    }\r\n    window.addEventListener('scroll', onScroll);\r\n    onScroll();\r\n\r\n    const burgerIcon = document.querySelector('.et-burger-icon');\r\n    const burgerOpenSrc = 'https:\/\/startupsites-tijdelijke-website.nl\/wp-content\/uploads\/2025\/11\/burger-menu-right-svgrepo-com.svg';\r\n    const burgerCloseSrc = 'https:\/\/startupsites-tijdelijke-website.nl\/wp-content\/uploads\/2025\/11\/cross-svgrepo-com-1.svg';\r\n\r\n    if (burger && nav && shell && burgerIcon) {\r\n      burger.addEventListener('click', function () {\r\n        const isOpen = nav.classList.toggle('open');\r\n        shell.classList.toggle('menu-open', isOpen);\r\n        burgerIcon.src = isOpen ? burgerCloseSrc : burgerOpenSrc;\r\n      });\r\n    }\r\n\r\n    const subLink = document.querySelector('.et-has-sub > a');\r\n    if (subLink && subParent) {\r\n      subLink.addEventListener('click', function (e) {\r\n        if (window.innerWidth <= 900) {\r\n          e.preventDefault();\r\n          subParent.classList.toggle('open-sub');\r\n        }\r\n      });\r\n    }\r\n  })();\r\n<\/script>\r\n"},"elements":[],"isInner":false,"widgetType":"html","elType":"widget"}],"isInner":false,"elType":"container"},{"id":"4bdc8150","settings":{"flex_direction":"column","min_height":{"unit":"vh","size":15,"sizes":[]},"min_height_tablet":{"unit":"vh","size":"","sizes":[]},"min_height_mobile":{"unit":"vh","size":"","sizes":[]},"background_background":"classic","background_color":"#FFFFFF","padding":{"unit":"px","top":"20","right":"5","bottom":"5","left":"5","isLinked":false}},"elements":[{"id":"635be87","settings":{"view":"inline","icon_list":[{"text":"Uitgraven en afvoeren van grond","selected_icon":{"value":{"url":"https:\/\/jvwinfraservice.nl\/wp-content\/uploads\/2026\/01\/check-circle-svgrepo-com-6.svg","id":2393},"library":"svg"},"_id":"66b613a"},{"text":"Plaatsen van buitenkasten","selected_icon":{"value":{"url":"https:\/\/jvwinfraservice.nl\/wp-content\/uploads\/2026\/01\/check-circle-svgrepo-com-6.svg","id":2393},"library":"svg"},"_id":"803808d"},{"text":"Meten van aarding","selected_icon":{"value":{"url":"https:\/\/jvwinfraservice.nl\/wp-content\/uploads\/2026\/01\/check-circle-svgrepo-com-6.svg","id":2393},"library":"svg"},"_id":"2ce4836"},{"text":"Ingraven van kabels en leidingen","selected_icon":{"value":{"url":"https:\/\/jvwinfraservice.nl\/wp-content\/uploads\/2026\/01\/check-circle-svgrepo-com-6.svg","id":2393},"library":"svg"},"_id":"5a6068d"}],"space_between":{"unit":"px","size":35,"sizes":[]},"icon_align":"center","icon_size":{"unit":"px","size":22,"sizes":[]},"text_indent":{"unit":"px","size":0,"sizes":[]},"icon_typography_typography":"custom","icon_typography_font_family":"Work Sans","icon_typography_font_weight":"600","icon_typography_word_spacing":{"unit":"px","size":-0.5,"sizes":[]},"text_color":"#083F62"},"elements":[],"isInner":false,"widgetType":"icon-list","elType":"widget"}],"isInner":false,"elType":"container"},{"id":"418d9ae1","settings":{"flex_gap":{"column":"20","row":"20","isLinked":true,"unit":"px","size":20},"background_background":"classic","padding":{"unit":"px","top":"40","right":"0","bottom":"80","left":"0","isLinked":false},"__globals__":{"background_color":"globals\/colors?id=astglobalcolor6"},"padding_mobile":{"unit":"px","top":"0","right":"10","bottom":"60","left":"10","isLinked":false},"margin":{"unit":"px","top":"0","right":"0","bottom":"0","left":"0","isLinked":false}},"elements":[{"id":"130cac2b","settings":{"title":"Mijn expertises","align":"left","typography_typography":"custom","typography_font_family":"Work Sans","typography_font_size":{"unit":"px","size":45,"sizes":[]},"typography_font_size_tablet":{"unit":"px","size":98,"sizes":[]},"typography_font_size_mobile":{"unit":"px","size":50,"sizes":[]},"typography_font_weight":"700","typography_letter_spacing":{"unit":"px","size":-3,"sizes":[]},"typography_letter_spacing_tablet":{"unit":"px","size":-2,"sizes":[]},"title_color":"#083F62","_margin":{"unit":"px","top":"0","right":"0","bottom":"0","left":"0","isLinked":false},"_margin_tablet":{"unit":"px","top":"-45","right":"0","bottom":"0","left":"0","isLinked":false},"_margin_mobile":{"unit":"px","top":"-40","right":"0","bottom":"0","left":"0","isLinked":false},"__globals__":{"title_color":""},"_animation":"fadeInLeft"},"elements":[],"isInner":false,"widgetType":"heading","elType":"widget"},{"id":"1202b35e","settings":{"content_width":"full","flex_direction":"row","flex_gap":{"column":"40","row":"40","isLinked":true,"unit":"px","size":40},"padding":{"unit":"px","top":"0","right":"0","bottom":"0","left":"0","isLinked":true},"background_background":"classic"},"elements":[{"id":"419d89b","settings":{"content_width":"full","flex_gap":{"column":"10","row":"10","isLinked":true,"unit":"px","size":10},"overflow":"hidden","background_background":"classic","background_color":"#FFFFFF","border_radius":{"unit":"px","top":"25","right":"25","bottom":"25","left":"25","isLinked":true},"padding":{"unit":"px","top":"0","right":"0","bottom":"40","left":"0","isLinked":false},"css_classes":"jvw-card","__globals__":{"background_color":""},"animation":"fadeInUp","animation_delay":400,"border_border":"solid","border_width":{"unit":"px","top":"1","right":"1","bottom":"1","left":"1","isLinked":true},"border_color":"#454545"},"elements":[{"id":"438ffac9","settings":{"image":{"url":"https:\/\/jvwinfraservice.nl\/wp-content\/uploads\/2025\/12\/20230926_084135-scaled-1.jpg","id":2173,"size":"","alt":"","source":"library"},"image_size":"full","link_to":"custom","link":{"url":"\/grond","is_external":"","nofollow":"","custom_attributes":""},"height":{"unit":"px","size":300,"sizes":[]},"object-fit":"cover","_margin":{"unit":"px","top":"0","right":"-10","bottom":"0","left":"-10","isLinked":false},"_css_classes":"jvw-image"},"elements":[],"isInner":false,"widgetType":"image","elType":"widget"},{"id":"13cd0dc7","settings":{"title":"Grondwerk","link":{"url":"\/grond","is_external":"","nofollow":"","custom_attributes":""},"typography_typography":"custom","typography_font_size":{"unit":"px","size":24,"sizes":[]},"typography_font_weight":"700","_margin":{"unit":"px","top":"0","right":"15","bottom":"0","left":"15","isLinked":false},"__globals__":{"title_color":"globals\/colors?id=astglobalcolor0"}},"elements":[],"isInner":false,"widgetType":"heading","elType":"widget"},{"id":"2d3791a3","settings":{"editor":"<p>JVW Infra Service verzorgt het uitgraven van bouwputten voor aanbouwen en funderingen. Ik werk nauwkeurig en met oog voor de bestaande situatie. Vrijkomende grond wordt netjes afgevoerd of verwerkt.<\/p>","_margin":{"unit":"px","top":"0","right":"15","bottom":"0","left":"15","isLinked":false},"__globals__":{"text_color":"globals\/colors?id=astglobalcolor2"}},"elements":[],"isInner":false,"widgetType":"text-editor","elType":"widget"}],"isInner":true,"elType":"container"},{"id":"26f04c09","settings":{"content_width":"full","flex_gap":{"column":"10","row":"10","isLinked":true,"unit":"px","size":10},"overflow":"hidden","background_background":"classic","background_color":"#FFFFFF","border_radius":{"unit":"px","top":"25","right":"25","bottom":"25","left":"25","isLinked":true},"padding":{"unit":"px","top":"0","right":"0","bottom":"40","left":"0","isLinked":false},"css_classes":"jvw-card","__globals__":{"background_color":""},"animation":"fadeInUp","animation_delay":100,"border_border":"solid","border_width":{"unit":"px","top":"1","right":"1","bottom":"1","left":"1","isLinked":true},"border_color":"#454545"},"elements":[{"id":"7b9e7317","settings":{"image":{"url":"https:\/\/jvwinfraservice.nl\/wp-content\/uploads\/2025\/12\/Nauwkeurig-inmeten.jpg","id":2174,"size":"","alt":"","source":"library"},"link_to":"custom","link":{"url":"\/stroom","is_external":"","nofollow":"","custom_attributes":""},"height":{"unit":"px","size":300,"sizes":[]},"object-fit":"cover","_margin":{"unit":"px","top":"0","right":"-10","bottom":"0","left":"-10","isLinked":false},"_css_classes":"jvw-image"},"elements":[],"isInner":false,"widgetType":"image","elType":"widget"},{"id":"71d12813","settings":{"title":"Elektriciteit","link":{"url":"\/stroom","is_external":"","nofollow":"","custom_attributes":""},"typography_typography":"custom","typography_font_size":{"unit":"px","size":24,"sizes":[]},"typography_font_weight":"700","_margin":{"unit":"px","top":"0","right":"15","bottom":"0","left":"15","isLinked":false},"__globals__":{"title_color":"globals\/colors?id=astglobalcolor0"}},"elements":[],"isInner":false,"widgetType":"heading","elType":"widget"},{"id":"7e44cf04","settings":{"editor":"<p>Ik plaats en stel buitenkasten voor stroomvoorzieningen. Daarnaast slaan en meten wij aardpennen volgens de geldende normen. Alles wordt uitgevoerd in afstemming met de installateur.<\/p>","_margin":{"unit":"px","top":"0","right":"15","bottom":"0","left":"15","isLinked":false},"__globals__":{"text_color":"globals\/colors?id=astglobalcolor2"}},"elements":[],"isInner":false,"widgetType":"text-editor","elType":"widget"}],"isInner":true,"elType":"container"},{"id":"109c30df","settings":{"content_width":"full","flex_gap":{"column":"10","row":"10","isLinked":true,"unit":"px","size":10},"overflow":"hidden","background_background":"classic","background_color":"#FFFFFF","border_radius":{"unit":"px","top":"25","right":"25","bottom":"25","left":"25","isLinked":true},"padding":{"unit":"px","top":"0","right":"0","bottom":"40","left":"0","isLinked":false},"css_classes":"jvw-card","__globals__":{"background_color":""},"animation":"fadeInUp","animation_delay":700,"border_border":"solid","border_width":{"unit":"px","top":"1","right":"1","bottom":"1","left":"1","isLinked":true},"border_color":"#454545"},"elements":[{"id":"3267e26d","settings":{"image":{"url":"https:\/\/jvwinfraservice.nl\/wp-content\/uploads\/2025\/12\/245-b-o-infra-werkwijze-fotografie-15-l-r-scaled.webp","id":2307,"size":"","alt":"","source":"library"},"link_to":"custom","link":{"url":"\/kabels","is_external":"","nofollow":"","custom_attributes":""},"height":{"unit":"px","size":300,"sizes":[]},"object-fit":"cover","_margin":{"unit":"px","top":"0","right":"-10","bottom":"0","left":"-10","isLinked":false},"_css_classes":"jvw-image"},"elements":[],"isInner":false,"widgetType":"image","elType":"widget"},{"id":"18cbc9c7","settings":{"title":"Kabels en leidingen","link":{"url":"\/stroom","is_external":"","nofollow":"","custom_attributes":""},"typography_typography":"custom","typography_font_size":{"unit":"px","size":24,"sizes":[]},"typography_font_weight":"700","_margin":{"unit":"px","top":"0","right":"15","bottom":"0","left":"15","isLinked":false},"__globals__":{"title_color":"globals\/colors?id=astglobalcolor0"}},"elements":[],"isInner":false,"widgetType":"heading","elType":"widget"},{"id":"74d9fe5f","settings":{"editor":"<p>Ik graaf sleuven voor kabels en leidingen voor onder andere elektra en data. Het inleggen en aanvullen gebeurt zorgvuldig en volgens voorschrift. Zo lever ik een veilige en duurzame ondergrond op.<\/p>","_margin":{"unit":"px","top":"0","right":"15","bottom":"0","left":"15","isLinked":false},"__globals__":{"text_color":"globals\/colors?id=astglobalcolor2"}},"elements":[],"isInner":false,"widgetType":"text-editor","elType":"widget"}],"isInner":true,"elType":"container"}],"isInner":true,"elType":"container"},{"id":"3394acef","settings":{"html":"<style>\n\/* =========================\n   Container schaal-effect\n========================= *\/\n.jvw-card {\n    transition: transform 0.35s ease;\n}\n\n.jvw-card:hover {\n    transform: scale(1.05);\n}\n\n\/* =========================\n   Afbeelding + overlay\n========================= *\/\n.jvw-image {\n    position: relative;\n    overflow: hidden;\n}\n\n.jvw-image::after {\n    content: \"\";\n    position: absolute;\n    inset: 0;\n    background: linear-gradient(\n        to top,\n        rgba(236, 127, 36, 0.8),\n        rgba(255, 122, 0, 0)\n    );\n    opacity: 0;\n    transition: opacity 0.95s ease;\n}\n\n\/* Overlay zichtbaar bij hover op container *\/\n.jvw-card:hover .jvw-image::after {\n    opacity: 1;\n    cursor:pointer;\n}\n\n\/* Afbeelding subtiel inzoomen *\/\n.jvw-image img {\n    transition: transform 0.25s ease;\n}\n<\/style>"},"elements":[],"isInner":false,"widgetType":"html","elType":"widget"}],"isInner":false,"elType":"container"},{"id":"4b7526de","settings":{"flex_direction":"row","background_background":"classic","background_color":"#083F62","padding":{"unit":"px","top":"60","right":"0","bottom":"60","left":"0","isLinked":false},"__globals__":{"background_color":""}},"elements":[{"id":"4fc134be","settings":{"content_width":"full","flex_align_items":"flex-end"},"elements":[{"id":"2daccc17","settings":{"title":"Over JVW Infra Service","align":"left","typography_typography":"custom","typography_font_family":"Work Sans","typography_font_size":{"unit":"px","size":45,"sizes":[]},"typography_font_size_tablet":{"unit":"px","size":98,"sizes":[]},"typography_font_size_mobile":{"unit":"px","size":50,"sizes":[]},"typography_font_weight":"700","typography_letter_spacing":{"unit":"px","size":-3,"sizes":[]},"typography_letter_spacing_tablet":{"unit":"px","size":-2,"sizes":[]},"_margin":{"unit":"px","top":"0","right":"0","bottom":"0","left":"0","isLinked":false},"_margin_tablet":{"unit":"px","top":"-45","right":"0","bottom":"0","left":"0","isLinked":false},"_margin_mobile":{"unit":"px","top":"-40","right":"0","bottom":"0","left":"0","isLinked":false},"__globals__":{"title_color":"globals\/colors?id=astglobalcolor6"},"_animation":"fadeInLeft"},"elements":[],"isInner":false,"widgetType":"heading","elType":"widget"}],"isInner":true,"elType":"container"},{"id":"c56a9f0","settings":{"content_width":"full"},"elements":[{"id":"239624f3","settings":{"editor":"<p>Mijn naam is Joost van Wageningen, oprichter van JVW Infra Service. Ik ben al meerdere jaren actief in de grond-, weg- en waterbouw en heb in die tijd ruime ervaring opgedaan als zelfstandig machinist. Door te werken voor aannemers en loonwerkers heb ik een brede praktijkkennis opgebouwd binnen kleinschalige infrawerkzaamheden.<\/p><p>Ik richt mij volledig op het zelfstandig aannemen en uitvoeren van kleinschalige projecten. Ik werk gestructureerd, netjes en volgens afspraak. Betrouwbaarheid en duidelijke communicatie staan bij mij voorop, zodat opdrachtgevers weten waar ze aan toe zijn.<\/p>","_margin":{"unit":"px","top":"0","right":"15","bottom":"0","left":"15","isLinked":false},"__globals__":{"text_color":"globals\/colors?id=astglobalcolor6"}},"elements":[],"isInner":false,"widgetType":"text-editor","elType":"widget"},{"id":"660b9717","settings":{"content_width":"full","flex_direction":"row","flex_gap":{"column":"5","row":"5","isLinked":true,"unit":"px","size":5}},"elements":[{"id":"4538b36a","settings":{"image":{"url":"https:\/\/jvwinfraservice.nl\/wp-content\/uploads\/2026\/01\/Schermafbeelding-2026-01-12-144414.png","id":2433,"size":"","alt":"","source":"library"},"align":"start","width":{"unit":"px","size":140,"sizes":[]},"width_tablet":{"unit":"px","size":"","sizes":[]},"width_mobile":{"unit":"px","size":"","sizes":[]},"height":{"unit":"px","size":110,"sizes":[]},"object-fit":"cover","image_border_radius":{"unit":"px","top":"999","right":"999","bottom":"999","left":"999","isLinked":true},"_flex_align_self":"flex-start"},"elements":[],"isInner":false,"widgetType":"image","elType":"widget"},{"id":"38b43613","settings":{"content_width":"full","flex_gap":{"column":"0","row":"0","isLinked":true,"unit":"px","size":0}},"elements":[{"id":"114c1938","settings":{"title":"Heb je een uitdaging voor mij?","typography_typography":"custom","typography_font_family":"Work Sans","typography_font_size":{"unit":"px","size":22,"sizes":[]},"typography_font_size_tablet":{"unit":"px","size":98,"sizes":[]},"typography_font_size_mobile":{"unit":"px","size":50,"sizes":[]},"typography_font_weight":"700","typography_letter_spacing":{"unit":"px","size":-1,"sizes":[]},"typography_letter_spacing_tablet":{"unit":"px","size":-2,"sizes":[]},"_margin":{"unit":"px","top":"0","right":"0","bottom":"0","left":"0","isLinked":false},"_margin_tablet":{"unit":"px","top":"-45","right":"0","bottom":"0","left":"0","isLinked":false},"_margin_mobile":{"unit":"px","top":"-40","right":"0","bottom":"0","left":"0","isLinked":false},"_animation":"fadeInRight","__globals__":{"title_color":"globals\/colors?id=astglobalcolor6"}},"elements":[],"isInner":false,"widgetType":"heading","elType":"widget"},{"id":"1e2ccf06","settings":{"title":"Kom maar door!","typography_typography":"custom","typography_font_family":"Work Sans","typography_font_size":{"unit":"px","size":20,"sizes":[]},"typography_font_size_tablet":{"unit":"px","size":98,"sizes":[]},"typography_font_size_mobile":{"unit":"px","size":50,"sizes":[]},"typography_font_weight":"500","typography_letter_spacing":{"unit":"px","size":-1,"sizes":[]},"typography_letter_spacing_tablet":{"unit":"px","size":-2,"sizes":[]},"_margin":{"unit":"px","top":"0","right":"0","bottom":"0","left":"0","isLinked":false},"_margin_tablet":{"unit":"px","top":"-45","right":"0","bottom":"0","left":"0","isLinked":false},"_margin_mobile":{"unit":"px","top":"-40","right":"0","bottom":"0","left":"0","isLinked":false},"_animation":"fadeInRight","_animation_delay":250,"__globals__":{"title_color":"globals\/colors?id=astglobalcolor0"}},"elements":[],"isInner":false,"widgetType":"heading","elType":"widget"},{"id":"29049b94","settings":{"icon_list":[{"text":"06 46970719","selected_icon":{"value":"fas fa-phone","library":"fa-solid"},"_id":"098c8a7","link":{"url":"tel:0646970719","is_external":"","nofollow":"","custom_attributes":""}},{"text":"info@jvwinfraservice.nl","selected_icon":{"value":"fas fa-envelope-open","library":"fa-solid"},"_id":"7e99d02","link":{"url":"mailto:info@jvwinfraservice.nl","is_external":"","nofollow":"","custom_attributes":""}}],"__globals__":{"icon_color":"globals\/colors?id=astglobalcolor6","text_color":"globals\/colors?id=astglobalcolor6","text_color_hover":"globals\/colors?id=astglobalcolor0"}},"elements":[],"isInner":false,"widgetType":"icon-list","elType":"widget"}],"isInner":true,"elType":"container"}],"isInner":true,"elType":"container"}],"isInner":true,"elType":"container"}],"isInner":false,"elType":"container"},{"id":"3278acd2","settings":{"padding":{"unit":"px","top":"80","right":"0","bottom":"70","left":"0","isLinked":false},"padding_tablet":{"unit":"px","top":"70","right":"0","bottom":"70","left":"0","isLinked":false},"padding_mobile":{"unit":"px","top":"50","right":"0","bottom":"50","left":"0","isLinked":false},"flex_direction":"row","flex_align_items":"stretch","flex_gap":{"size":10,"unit":"px","column":"10","row":"10","isLinked":true},"background_background":"classic","boxed_width":{"unit":"px","size":1040,"sizes":[]},"background_image":{"url":"","id":"","size":"","alt":"","source":"library"},"background_position":"bottom right","background_repeat":"no-repeat","background_size":"initial","background_bg_width":{"unit":"px","size":583,"sizes":[]},"background_overlay_background":"classic","background_overlay_opacity":{"unit":"px","size":0.87,"sizes":[]},"__globals__":{"background_color":"globals\/colors?id=astglobalcolor6","background_overlay_color":""}},"elements":[{"id":"4a4c0fd2","settings":{"content_width":"full","width":{"unit":"%","size":100,"sizes":[]},"width_tablet":{"unit":"%","size":"","sizes":[]},"width_mobile":{"unit":"%","size":"","sizes":[]},"flex_gap":{"column":"5","row":"5","isLinked":true,"unit":"px","size":5}},"elements":[{"id":"70cd73e0","settings":{"title":"Recent afgeronde projecten","align":"left","typography_typography":"custom","typography_font_family":"Work Sans","typography_font_size":{"unit":"px","size":45,"sizes":[]},"typography_font_size_tablet":{"unit":"px","size":98,"sizes":[]},"typography_font_size_mobile":{"unit":"px","size":50,"sizes":[]},"typography_font_weight":"700","typography_letter_spacing":{"unit":"px","size":-3,"sizes":[]},"typography_letter_spacing_tablet":{"unit":"px","size":-2,"sizes":[]},"_margin":{"unit":"px","top":"0","right":"0","bottom":"0","left":"0","isLinked":false},"_margin_tablet":{"unit":"px","top":"-45","right":"0","bottom":"0","left":"0","isLinked":false},"_margin_mobile":{"unit":"px","top":"-40","right":"0","bottom":"0","left":"0","isLinked":false},"__globals__":{"title_color":"globals\/colors?id=astglobalcolor0"},"_animation":"fadeInLeft"},"elements":[],"isInner":false,"widgetType":"heading","elType":"widget"},{"id":"60cfbafd","settings":{"content_width":"full","flex_direction":"row","padding":{"unit":"px","top":"20","right":"0","bottom":"20","left":"0","isLinked":false}},"elements":[{"id":"ba7be6b","settings":{"content_width":"full","flex_gap":{"column":"5","row":"5","isLinked":true,"unit":"px","size":5},"overflow":"hidden","background_background":"classic","background_image":{"url":"https:\/\/jvwinfraservice.nl\/wp-content\/uploads\/2025\/12\/WhatsApp-Image-2025-12-11-at-20.50.36.jpeg","id":2126,"size":"","alt":"","source":"library"},"background_size":"cover","background_overlay_background":"gradient","background_overlay_color":"#08001400","background_overlay_color_stop":{"unit":"%","size":16,"sizes":[]},"background_overlay_color_b":"#080014","background_overlay_color_b_stop":{"unit":"%","size":77,"sizes":[]},"background_overlay_opacity":{"unit":"px","size":0.93,"sizes":[]},"border_radius":{"unit":"px","top":"25","right":"25","bottom":"25","left":"25","isLinked":true},"padding":{"unit":"px","top":"0","right":"0","bottom":"50","left":"0","isLinked":false},"__globals__":{"background_overlay_color":"","background_overlay_color_b":""},"animation":"fadeInUp"},"elements":[{"id":"25d45ff6","settings":{"space":{"unit":"px","size":233,"sizes":[]}},"elements":[],"isInner":false,"widgetType":"spacer","elType":"widget"},{"id":"3f591f3d","settings":{"title":"Hendrik-Ido-Ambacht","typography_typography":"custom","typography_font_size":{"unit":"px","size":23,"sizes":[]},"typography_font_weight":"700","title_color":"#92939B","_padding":{"unit":"px","top":"10","right":"15","bottom":"0","left":"15","isLinked":false}},"elements":[],"isInner":false,"widgetType":"heading","elType":"widget"},{"id":"6589634e","settings":{"title":"Titel van project","typography_typography":"custom","typography_font_weight":"700","_padding":{"unit":"px","top":"0","right":"15","bottom":"0","left":"15","isLinked":false}},"elements":[],"isInner":false,"widgetType":"heading","elType":"widget"},{"id":"b164ad5","settings":{"selected_icon":{"value":{"url":"https:\/\/jvwinfraservice.nl\/wp-content\/uploads\/2025\/12\/arrow-right-svgrepo-com-7.svg","id":2237},"library":"svg"},"view":"stacked","link":{"url":"#","is_external":"","nofollow":"","custom_attributes":""},"primary_color":"#ec7f24","size":{"unit":"px","size":30,"sizes":[]},"icon_padding":{"unit":"px","size":13,"sizes":[]},"_position":"absolute","_offset_orientation_h":"end","_offset_x_end":{"unit":"px","size":10,"sizes":[]},"_offset_y":{"unit":"px","size":10,"sizes":[]},"_transform_rotate_popover_hover":"transform","_transform_rotateZ_effect_hover":{"unit":"px","size":-7,"sizes":[]},"_transform_rotate_3d_hover":"yes","_transform_rotateX_effect_hover":{"unit":"px","size":1.2,"sizes":[]},"_transform_rotateY_effect_hover":{"unit":"px","size":-0.3,"sizes":[]},"_transform_scale_popover_hover":"transform","_transform_scale_effect_hover":{"unit":"px","size":1.1,"sizes":[]},"__globals__":{"primary_color":"globals\/colors?id=astglobalcolor0","hover_primary_color":"globals\/colors?id=astglobalcolor0"}},"elements":[],"isInner":false,"widgetType":"icon","elType":"widget"}],"isInner":true,"elType":"container"},{"id":"2bde73c5","settings":{"content_width":"full","flex_gap":{"column":"5","row":"5","isLinked":true,"unit":"px","size":5},"overflow":"hidden","background_background":"classic","background_image":{"url":"https:\/\/jvwinfraservice.nl\/wp-content\/uploads\/2025\/12\/WhatsApp-Image-2025-12-11-at-20.49.28.jpeg","id":2128,"size":"","alt":"","source":"library"},"background_size":"cover","background_overlay_background":"gradient","background_overlay_color":"#08001400","background_overlay_color_stop":{"unit":"%","size":16,"sizes":[]},"background_overlay_color_b":"#080014","background_overlay_color_b_stop":{"unit":"%","size":77,"sizes":[]},"background_overlay_opacity":{"unit":"px","size":0.93,"sizes":[]},"border_radius":{"unit":"px","top":"25","right":"25","bottom":"25","left":"25","isLinked":true},"padding":{"unit":"px","top":"0","right":"0","bottom":"50","left":"0","isLinked":false},"__globals__":{"background_overlay_color":"","background_overlay_color_b":""},"animation":"fadeInUp","animation_delay":200},"elements":[{"id":"2d80db8a","settings":{"space":{"unit":"px","size":233,"sizes":[]}},"elements":[],"isInner":false,"widgetType":"spacer","elType":"widget"},{"id":"62ed4bb5","settings":{"title":"Dordrecht","typography_typography":"custom","typography_font_size":{"unit":"px","size":23,"sizes":[]},"typography_font_weight":"700","title_color":"#92939B","_padding":{"unit":"px","top":"10","right":"15","bottom":"0","left":"15","isLinked":false}},"elements":[],"isInner":false,"widgetType":"heading","elType":"widget"},{"id":"c6a386","settings":{"title":"Titel van project","typography_typography":"custom","typography_font_weight":"700","_padding":{"unit":"px","top":"0","right":"15","bottom":"0","left":"15","isLinked":false}},"elements":[],"isInner":false,"widgetType":"heading","elType":"widget"},{"id":"30ffc615","settings":{"selected_icon":{"value":{"url":"https:\/\/jvwinfraservice.nl\/wp-content\/uploads\/2025\/12\/arrow-right-svgrepo-com-7.svg","id":2237},"library":"svg"},"view":"stacked","link":{"url":"#","is_external":"","nofollow":"","custom_attributes":""},"primary_color":"#ec7f24","size":{"unit":"px","size":30,"sizes":[]},"icon_padding":{"unit":"px","size":13,"sizes":[]},"_position":"absolute","_offset_orientation_h":"end","_offset_x_end":{"unit":"px","size":10,"sizes":[]},"_offset_y":{"unit":"px","size":10,"sizes":[]},"_transform_rotate_popover_hover":"transform","_transform_rotateZ_effect_hover":{"unit":"px","size":-7,"sizes":[]},"_transform_rotate_3d_hover":"yes","_transform_rotateX_effect_hover":{"unit":"px","size":1.2,"sizes":[]},"_transform_rotateY_effect_hover":{"unit":"px","size":-0.3,"sizes":[]},"_transform_scale_popover_hover":"transform","_transform_scale_effect_hover":{"unit":"px","size":1.1,"sizes":[]},"__globals__":{"primary_color":"globals\/colors?id=astglobalcolor0","hover_primary_color":"globals\/colors?id=astglobalcolor0"}},"elements":[],"isInner":false,"widgetType":"icon","elType":"widget"}],"isInner":true,"elType":"container"},{"id":"53a38a63","settings":{"content_width":"full","flex_gap":{"column":"5","row":"5","isLinked":true,"unit":"px","size":5},"overflow":"hidden","background_background":"classic","background_image":{"url":"https:\/\/jvwinfraservice.nl\/wp-content\/uploads\/2025\/12\/WhatsApp-Image-2025-12-11-at-20.51.20.jpeg","id":2122,"size":"","alt":"","source":"library"},"background_size":"cover","background_overlay_background":"gradient","background_overlay_color":"#08001400","background_overlay_color_stop":{"unit":"%","size":16,"sizes":[]},"background_overlay_color_b":"#080014","background_overlay_color_b_stop":{"unit":"%","size":77,"sizes":[]},"background_overlay_opacity":{"unit":"px","size":0.93,"sizes":[]},"border_radius":{"unit":"px","top":"25","right":"25","bottom":"25","left":"25","isLinked":true},"padding":{"unit":"px","top":"0","right":"0","bottom":"50","left":"0","isLinked":false},"__globals__":{"background_overlay_color":"","background_overlay_color_b":""},"animation":"fadeInUp","animation_delay":400},"elements":[{"id":"19da3523","settings":{"space":{"unit":"px","size":233,"sizes":[]}},"elements":[],"isInner":false,"widgetType":"spacer","elType":"widget"},{"id":"4cccf1b8","settings":{"title":"Rotterdam","typography_typography":"custom","typography_font_size":{"unit":"px","size":23,"sizes":[]},"typography_font_weight":"700","title_color":"#92939B","_padding":{"unit":"px","top":"10","right":"15","bottom":"0","left":"15","isLinked":false}},"elements":[],"isInner":false,"widgetType":"heading","elType":"widget"},{"id":"4fc477a5","settings":{"title":"Titel van project","typography_typography":"custom","typography_font_weight":"700","_padding":{"unit":"px","top":"0","right":"15","bottom":"0","left":"15","isLinked":false}},"elements":[],"isInner":false,"widgetType":"heading","elType":"widget"},{"id":"2927a3b7","settings":{"selected_icon":{"value":{"url":"https:\/\/jvwinfraservice.nl\/wp-content\/uploads\/2025\/12\/arrow-right-svgrepo-com-7.svg","id":2237},"library":"svg"},"view":"stacked","link":{"url":"#","is_external":"","nofollow":"","custom_attributes":""},"primary_color":"#ec7f24","size":{"unit":"px","size":30,"sizes":[]},"icon_padding":{"unit":"px","size":13,"sizes":[]},"_position":"absolute","_offset_orientation_h":"end","_offset_x_end":{"unit":"px","size":10,"sizes":[]},"_offset_y":{"unit":"px","size":10,"sizes":[]},"_transform_rotate_popover_hover":"transform","_transform_rotateZ_effect_hover":{"unit":"px","size":-7,"sizes":[]},"_transform_rotate_3d_hover":"yes","_transform_rotateX_effect_hover":{"unit":"px","size":1.2,"sizes":[]},"_transform_rotateY_effect_hover":{"unit":"px","size":-0.3,"sizes":[]},"_transform_scale_popover_hover":"transform","_transform_scale_effect_hover":{"unit":"px","size":1.1,"sizes":[]},"__globals__":{"primary_color":"globals\/colors?id=astglobalcolor0","hover_primary_color":"globals\/colors?id=astglobalcolor0"}},"elements":[],"isInner":false,"widgetType":"icon","elType":"widget"}],"isInner":true,"elType":"container"}],"isInner":true,"elType":"container"},{"id":"5e78e53e","settings":{"content_width":"full","flex_direction":"row","padding":{"unit":"px","top":"20","right":"0","bottom":"20","left":"0","isLinked":false}},"elements":[{"id":"1944884e","settings":{"content_width":"full","flex_gap":{"column":"5","row":"5","isLinked":true,"unit":"px","size":5},"overflow":"hidden","background_background":"classic","background_image":{"url":"https:\/\/jvwinfraservice.nl\/wp-content\/uploads\/2025\/12\/WhatsApp-Image-2025-12-11-at-20.51.51.jpeg","id":2121,"size":"","alt":"","source":"library"},"background_size":"cover","background_overlay_background":"gradient","background_overlay_color":"#08001400","background_overlay_color_stop":{"unit":"%","size":16,"sizes":[]},"background_overlay_color_b":"#080014","background_overlay_color_b_stop":{"unit":"%","size":77,"sizes":[]},"background_overlay_opacity":{"unit":"px","size":0.93,"sizes":[]},"border_radius":{"unit":"px","top":"25","right":"25","bottom":"25","left":"25","isLinked":true},"padding":{"unit":"px","top":"0","right":"0","bottom":"50","left":"0","isLinked":false},"__globals__":{"background_overlay_color":"","background_overlay_color_b":""},"animation":"fadeInUp","animation_delay":100},"elements":[{"id":"20362e15","settings":{"space":{"unit":"px","size":233,"sizes":[]}},"elements":[],"isInner":false,"widgetType":"spacer","elType":"widget"},{"id":"7a33e801","settings":{"title":"Barendrecht","typography_typography":"custom","typography_font_size":{"unit":"px","size":23,"sizes":[]},"typography_font_weight":"700","title_color":"#92939B","_padding":{"unit":"px","top":"10","right":"15","bottom":"0","left":"15","isLinked":false},"__globals__":{"title_color":""}},"elements":[],"isInner":false,"widgetType":"heading","elType":"widget"},{"id":"49c7cf4f","settings":{"title":"Titel van project","typography_typography":"custom","typography_font_weight":"700","_padding":{"unit":"px","top":"0","right":"15","bottom":"0","left":"15","isLinked":false}},"elements":[],"isInner":false,"widgetType":"heading","elType":"widget"},{"id":"5f370f32","settings":{"selected_icon":{"value":{"url":"https:\/\/jvwinfraservice.nl\/wp-content\/uploads\/2025\/12\/arrow-right-svgrepo-com-7.svg","id":2237},"library":"svg"},"view":"stacked","link":{"url":"#","is_external":"","nofollow":"","custom_attributes":""},"primary_color":"#ec7f24","size":{"unit":"px","size":30,"sizes":[]},"icon_padding":{"unit":"px","size":13,"sizes":[]},"_position":"absolute","_offset_orientation_h":"end","_offset_x_end":{"unit":"px","size":10,"sizes":[]},"_offset_y":{"unit":"px","size":10,"sizes":[]},"_transform_rotate_popover_hover":"transform","_transform_rotateZ_effect_hover":{"unit":"px","size":-7,"sizes":[]},"_transform_rotate_3d_hover":"yes","_transform_rotateX_effect_hover":{"unit":"px","size":1.2,"sizes":[]},"_transform_rotateY_effect_hover":{"unit":"px","size":-0.3,"sizes":[]},"_transform_scale_popover_hover":"transform","_transform_scale_effect_hover":{"unit":"px","size":1.1,"sizes":[]},"__globals__":{"primary_color":"globals\/colors?id=astglobalcolor0","hover_primary_color":"globals\/colors?id=astglobalcolor0"}},"elements":[],"isInner":false,"widgetType":"icon","elType":"widget"}],"isInner":true,"elType":"container"},{"id":"25acc41f","settings":{"content_width":"full","flex_gap":{"column":"5","row":"5","isLinked":true,"unit":"px","size":5},"overflow":"hidden","background_background":"classic","background_image":{"url":"https:\/\/jvwinfraservice.nl\/wp-content\/uploads\/2025\/12\/20240320151537522.jpg","id":2172,"size":"","alt":"","source":"library"},"background_position":"top center","background_size":"cover","background_overlay_background":"gradient","background_overlay_color":"#08001400","background_overlay_color_stop":{"unit":"%","size":16,"sizes":[]},"background_overlay_color_b":"#080014","background_overlay_color_b_stop":{"unit":"%","size":77,"sizes":[]},"background_overlay_opacity":{"unit":"px","size":0.93,"sizes":[]},"border_radius":{"unit":"px","top":"25","right":"25","bottom":"25","left":"25","isLinked":true},"padding":{"unit":"px","top":"0","right":"0","bottom":"50","left":"0","isLinked":false},"__globals__":{"background_overlay_color":"","background_overlay_color_b":""},"animation":"fadeInUp","animation_delay":300},"elements":[{"id":"7a264adf","settings":{"space":{"unit":"px","size":233,"sizes":[]}},"elements":[],"isInner":false,"widgetType":"spacer","elType":"widget"},{"id":"41b5d7fb","settings":{"title":"Hendrik-Ido-Ambacht","typography_typography":"custom","typography_font_size":{"unit":"px","size":23,"sizes":[]},"typography_font_weight":"700","title_color":"#92939B","_padding":{"unit":"px","top":"10","right":"15","bottom":"0","left":"15","isLinked":false},"__globals__":{"title_color":""}},"elements":[],"isInner":false,"widgetType":"heading","elType":"widget"},{"id":"4c665d94","settings":{"title":"Titel van project","typography_typography":"custom","typography_font_weight":"700","_padding":{"unit":"px","top":"0","right":"15","bottom":"0","left":"15","isLinked":false}},"elements":[],"isInner":false,"widgetType":"heading","elType":"widget"},{"id":"2acf3abe","settings":{"selected_icon":{"value":{"url":"https:\/\/jvwinfraservice.nl\/wp-content\/uploads\/2025\/12\/arrow-right-svgrepo-com-7.svg","id":2237},"library":"svg"},"view":"stacked","link":{"url":"#","is_external":"","nofollow":"","custom_attributes":""},"primary_color":"#ec7f24","size":{"unit":"px","size":30,"sizes":[]},"icon_padding":{"unit":"px","size":13,"sizes":[]},"_position":"absolute","_offset_orientation_h":"end","_offset_x_end":{"unit":"px","size":10,"sizes":[]},"_offset_y":{"unit":"px","size":10,"sizes":[]},"_transform_rotate_popover_hover":"transform","_transform_rotateZ_effect_hover":{"unit":"px","size":-7,"sizes":[]},"_transform_rotate_3d_hover":"yes","_transform_rotateX_effect_hover":{"unit":"px","size":1.2,"sizes":[]},"_transform_rotateY_effect_hover":{"unit":"px","size":-0.3,"sizes":[]},"_transform_scale_popover_hover":"transform","_transform_scale_effect_hover":{"unit":"px","size":1.1,"sizes":[]},"__globals__":{"primary_color":"globals\/colors?id=astglobalcolor0","hover_primary_color":"globals\/colors?id=astglobalcolor0"}},"elements":[],"isInner":false,"widgetType":"icon","elType":"widget"}],"isInner":true,"elType":"container"},{"id":"686a677b","settings":{"content_width":"full","flex_gap":{"column":"5","row":"5","isLinked":true,"unit":"px","size":5},"overflow":"hidden","background_background":"classic","background_image":{"url":"","id":"","size":"","alt":"","source":"library"},"background_size":"cover","background_overlay_background":"classic","background_overlay_color":"#08001400","background_overlay_color_stop":{"unit":"%","size":16,"sizes":[]},"background_overlay_color_b":"#080014","background_overlay_color_b_stop":{"unit":"%","size":77,"sizes":[]},"background_overlay_opacity":{"unit":"px","size":0.93,"sizes":[]},"border_radius":{"unit":"px","top":"25","right":"25","bottom":"25","left":"25","isLinked":true},"padding":{"unit":"px","top":"0","right":"0","bottom":"30","left":"0","isLinked":false},"__globals__":{"background_overlay_color":"","background_overlay_color_b":""},"hide_mobile":"hidden-mobile"},"elements":[{"id":"6722052c","settings":{"space":{"unit":"px","size":233,"sizes":[]}},"elements":[],"isInner":false,"widgetType":"spacer","elType":"widget"}],"isInner":true,"elType":"container"}],"isInner":true,"elType":"container"}],"isInner":true,"elType":"container"}],"isInner":false,"elType":"container"},{"id":"4e297338","settings":{"padding":{"unit":"px","top":"70","right":"0","bottom":"70","left":"0","isLinked":false},"padding_tablet":{"unit":"px","top":"70","right":"0","bottom":"70","left":"0","isLinked":false},"padding_mobile":{"unit":"px","top":"50","right":"0","bottom":"50","left":"0","isLinked":false},"flex_direction":"row","flex_align_items":"stretch","flex_gap":{"size":10,"unit":"px","column":"10","row":"10","isLinked":true},"background_background":"classic","boxed_width":{"unit":"px","size":1140,"sizes":[]},"flex_justify_content":"center","background_image":{"url":"","id":"","size":"","alt":"","source":"library"},"background_position":"bottom right","background_repeat":"no-repeat","background_size":"initial","background_bg_width":{"unit":"px","size":583,"sizes":[]},"background_overlay_background":"classic","background_overlay_opacity":{"unit":"px","size":0.87,"sizes":[]},"__globals__":{"background_color":"globals\/colors?id=astglobalcolor6"}},"elements":[{"id":"270b8679","settings":{"content_width":"full","width":{"unit":"%","size":75,"sizes":[]},"background_background":"gradient","border_radius":{"unit":"px","top":"25","right":"25","bottom":"25","left":"25","isLinked":true},"padding":{"unit":"px","top":"25","right":"45","bottom":"25","left":"45","isLinked":false},"__globals__":{"background_color":"globals\/colors?id=astglobalcolor0","background_color_b":""},"animation":"slideInUp","border_radius_mobile":{"unit":"px","top":"25","right":"25","bottom":"0","left":"0","isLinked":false},"background_color":"#ec7f24","background_color_stop":{"unit":"%","size":51,"sizes":[]},"background_color_b":"#C55A00","background_gradient_angle":{"unit":"deg","size":170,"sizes":[]}},"elements":[{"id":"2c9e91d6","settings":{"title":"Wil je meer weten?","align":"center","typography_typography":"custom","typography_font_family":"Work Sans","typography_font_size":{"unit":"px","size":45,"sizes":[]},"typography_font_size_tablet":{"unit":"px","size":98,"sizes":[]},"typography_font_size_mobile":{"unit":"px","size":50,"sizes":[]},"typography_font_weight":"700","typography_letter_spacing":{"unit":"px","size":-3,"sizes":[]},"typography_letter_spacing_tablet":{"unit":"px","size":-2,"sizes":[]},"_margin":{"unit":"px","top":"0","right":"0","bottom":"0","left":"0","isLinked":false},"_margin_tablet":{"unit":"px","top":"-45","right":"0","bottom":"0","left":"0","isLinked":false},"_margin_mobile":{"unit":"px","top":"-40","right":"0","bottom":"0","left":"0","isLinked":false},"__globals__":{"title_color":"globals\/colors?id=astglobalcolor6"},"_animation":"none"},"elements":[],"isInner":false,"widgetType":"heading","elType":"widget"},{"id":"1c4a8896","settings":{"shortcode":"[forminator_form id=\"2287\"]"},"elements":[],"isInner":false,"widgetType":"shortcode","elType":"widget"}],"isInner":true,"elType":"container"}],"isInner":false,"elType":"container"},{"id":"6132092f","settings":{"flex_direction":"column","min_height":{"unit":"vh","size":100,"sizes":[]},"min_height_tablet":{"unit":"vh","size":"","sizes":[]},"min_height_mobile":{"unit":"vh","size":"","sizes":[]},"flex_justify_content":"center","flex_align_items":"center","background_background":"classic","background_color":"#000000","position":"fixed","z_index":10,"_title":"Aan het werk"},"elements":[{"id":"59fc8b4f","settings":{"image":{"url":"https:\/\/jvwinfraservice.nl\/wp-content\/uploads\/2025\/12\/Logo-jvw-infra-service.png","id":2129,"size":"","alt":"","source":"library"},"width":{"unit":"px","size":120,"sizes":[]},"width_tablet":{"unit":"px","size":"","sizes":[]},"width_mobile":{"unit":"px","size":"","sizes":[]},"height":{"unit":"px","size":120,"sizes":[]},"object-fit":"contain","image_border_radius":{"unit":"px","top":"15","right":"15","bottom":"15","left":"15","isLinked":true},"_background_background":"classic","_background_color":"#FFFFFF","_border_radius":{"unit":"px","top":"15","right":"15","bottom":"15","left":"15","isLinked":true}},"elements":[],"isInner":false,"widgetType":"image","elType":"widget"},{"id":"1f177f02","settings":{"title":"We zijn op dit moment hard bezig met onze website.","align":"center","typography_typography":"custom","typography_font_size":{"unit":"px","size":50,"sizes":[]},"typography_font_weight":"600"},"elements":[],"isInner":false,"widgetType":"heading","elType":"widget"},{"id":"6fc42252","settings":{"editor":"<p>Heb je ondertussen vragen?\u00a0<\/p><p>Telefoon: <a href=\"tel:0646970719\">0646970719<\/a><\/p><p>Mail: <a href=\"mailto:info@jvwinfraservice.nl\">info@jvwinfraservice.nl<\/a><\/p>","align":"center","typography_typography":"custom","typography_font_size":{"unit":"px","size":21,"sizes":[]}},"elements":[],"isInner":false,"widgetType":"text-editor","elType":"widget"}],"isInner":false,"elType":"container"}],"settings":{"template":"default","astra_sites_main_color":"var(--ast-global-color-0)","astra_sites_heading_base_color":"var(--ast-global-color-2)","astra_sites_link_color":"var(--ast-global-color-0)","astra_sites_link_hover_color":"var(--ast-global-color-1)","astra_sites_text_color":"var(--ast-global-color-3)","astra_sites_body_typography":"custom","astra_sites_body_font_size":{"unit":"px","size":16},"astra_sites_body_line_height":{"unit":"em","size":1.7},"astra_sites_body_font_family":"DM Sans","astra_sites_body_font_weight":"400","astra_sites_heading_1_typography":"custom","astra_sites_heading_1_font_size":{"unit":"px","size":64},"astra_sites_default_heading_font_family":"'DM Sans', sans-serif","astra_sites_heading_1_font_family":"'DM Sans'","astra_sites_heading_1_font_weight":"400","astra_sites_heading_2_typography":"custom","astra_sites_heading_2_font_size":{"unit":"px","size":30},"astra_sites_heading_2_font_family":"'DM Sans'","astra_sites_heading_2_font_weight":"400","astra_sites_heading_3_typography":"custom","astra_sites_heading_3_font_size":{"unit":"px","size":20},"astra_sites_heading_3_font_family":"'DM Sans'","astra_sites_heading_3_font_weight":"400","astra_sites_heading_4_typography":"custom","astra_sites_heading_4_font_size":{"unit":"px","size":35},"astra_sites_heading_4_font_size_tablet":{"unit":"px","size":35},"astra_sites_heading_4_font_size_mobile":{"unit":"px","size":24},"astra_sites_heading_4_font_family":"'DM Sans'","astra_sites_heading_4_font_weight":"400","astra_sites_heading_4_text_transform":"none","astra_sites_heading_5_typography":"custom","astra_sites_heading_5_font_size":{"unit":"px","size":18},"astra_sites_heading_5_font_family":"'DM Sans'","astra_sites_heading_5_font_weight":"400","astra_sites_heading_5_text_transform":"none","astra_sites_heading_6_typography":"custom","astra_sites_heading_6_font_size":{"unit":"px","size":15},"astra_sites_heading_6_font_family":"'DM Sans'","astra_sites_heading_6_font_weight":"400","astra_sites_heading_6_text_transform":"none","astra_sites_page_setting_enable":"","hide_title":"yes"},"metadata":{"site-post-title":"disabled","ast-title-bar-display":"disabled","ast-featured-img":"disabled","site-content-layout":"page-builder","site-sidebar-layout":"no-sidebar","theme-transparent-header-meta":"enabled"}}