{"content":[{"id":"78209e02","settings":{"min_height":{"unit":"px","size":550,"sizes":[]},"background_background":"classic","background_image":{"id":"","url":"","alt":"","source":"library","size":""},"background_position":"center center","background_attachment":"scroll","background_repeat":"no-repeat","background_size":"cover","background_overlay_background":"classic","background_overlay_color_b":"#A5363600","background_overlay_opacity":{"unit":"px","size":0.68,"sizes":[]},"padding":{"unit":"px","top":"80","right":"0","bottom":"50","left":"0","isLinked":false},"min_height_tablet":{"unit":"px","size":480,"sizes":[]},"min_height_mobile":{"unit":"vh","size":65,"sizes":[]},"padding_tablet":{"unit":"px","top":"70","right":"0","bottom":"10","left":"0","isLinked":false},"padding_mobile":{"unit":"px","top":"110","right":"0","bottom":"0","left":"0","isLinked":false},"flex_align_items":"stretch","flex_gap":{"size":0,"unit":"px","column":"0","row":"0","isLinked":true},"margin":{"unit":"px","top":"0","right":"0","bottom":"0","left":"0","isLinked":false},"__globals__":{"background_overlay_color":"","background_color":"globals\/colors?id=astglobalcolor1"},"background_overlay_color_stop":{"unit":"%","size":18,"sizes":[]},"background_overlay_color_b_stop":{"unit":"%","size":42,"sizes":[]},"background_overlay_gradient_angle":{"unit":"deg","size":80,"sizes":[]},"flex_direction_mobile":"row","flex_justify_content":"center","background_overlay_color_stop_mobile":{"unit":"%","size":25},"background_overlay_color_b_stop_mobile":{"unit":"%","size":48},"background_overlay_gradient_angle_mobile":{"unit":"deg","size":0},"background_ypos":{"unit":"px","size":-372,"sizes":[]}},"elements":[{"id":"58f09872","settings":{"_column_size":100,"width":{"size":null,"unit":"%"},"min_height":{"unit":"px","size":0,"sizes":[]},"margin":{"unit":"px","top":"0","right":"0","bottom":"0","left":"0","isLinked":false},"padding":{"unit":"px","top":"0","right":"0","bottom":"0","left":"0","isLinked":false},"content_width":"full","flex_direction_mobile":"row","flex_gap":{"column":"20","row":"20","isLinked":true,"unit":"px","size":20},"flex_align_items":"stretch","flex_align_items_mobile":"flex-end","padding_mobile":{"unit":"px","top":"0","right":"0","bottom":"40","left":"0","isLinked":false},"flex_direction":"row"},"elements":[{"id":"29d117a5","settings":{"content_width":"full","flex_justify_content":"center","flex_align_items":"flex-start","padding":{"unit":"px","top":"30","right":"10","bottom":"10","left":"10","isLinked":false}},"elements":[{"id":"3b8fb91a","settings":{"title":"<b>Grondwerk<\/b>","header_size":"h1","align":"center","typography_typography":"custom","typography_font_size":{"unit":"px","size":43,"sizes":[]},"_margin":{"unit":"px","top":"0","right":"0","bottom":"0","left":"0","isLinked":false},"typography_letter_spacing":{"unit":"px","size":-3,"sizes":[]},"typography_font_size_tablet":{"unit":"px","size":98,"sizes":[]},"typography_font_size_mobile":{"unit":"px","size":28,"sizes":[]},"typography_letter_spacing_tablet":{"unit":"px","size":-2,"sizes":[]},"_margin_tablet":{"unit":"px","top":"-45","right":"0","bottom":"0","left":"0","isLinked":false},"_margin_mobile":{"unit":"px","top":"0","right":"0","bottom":"0","left":"0","isLinked":false},"__globals__":{"title_color":"globals\/colors?id=astglobalcolor6"},"typography_font_family":"Work Sans","_animation":"none","_padding_mobile":{"unit":"px","top":"0","right":"10","bottom":"0","left":"10","isLinked":false}},"elements":[],"isInner":false,"widgetType":"heading","elType":"widget"},{"id":"62c844f4","settings":{"editor":"<p data-start=\"77\" data-end=\"442\">JVW Infra Service is gespecialiseerd in kleinschalige grond- en infrawerkzaamheden. Wij voeren onder andere ontgravingen voor funderingen en aanbouwen uit, leggen kabel- en leidingtrac\u00e9s aan en plaatsen buitenkasten en aardingsvoorzieningen. Met een praktische aanpak en jarenlange ervaring zorgen wij voor een nette en betrouwbare uitvoering van ieder project.<\/p>","_margin":{"unit":"px","top":"0","right":"0","bottom":"0","left":"0","isLinked":false},"__globals__":{"text_color":"globals\/colors?id=astglobalcolor6"}},"elements":[],"isInner":false,"widgetType":"text-editor","elType":"widget"}],"isInner":true,"elType":"container"},{"id":"6f78663d","settings":{"content_width":"full","padding":{"unit":"px","top":"0","right":"0","bottom":"0","left":"0","isLinked":true}},"elements":[{"id":"20f001d8","settings":{"image":{"url":"https:\/\/jvwinfraservice.nl\/wp-content\/uploads\/2025\/12\/WhatsApp-Image-2025-12-11-at-20.50.46.jpeg","id":2125,"size":"","alt":"","source":"library"},"image_border_radius":{"unit":"px","top":"0","right":"0","bottom":"400","left":"600","isLinked":false}},"elements":[],"isInner":false,"widgetType":"image","elType":"widget"}],"isInner":true,"elType":"container"}],"isInner":true,"elType":"container"},{"id":"24e799c9","settings":{"html":"<header class=\"jvw-header\">\r\n  <div class=\"jvw-header-inner\">\r\n\r\n    <a href=\"\/\" class=\"jvw-logo\">\r\n      <img\r\n        src=\"https:\/\/jvwinfraservice.nl\/wp-content\/uploads\/2025\/12\/Logo-jvw-infra-service.png\"\r\n        alt=\"JVW Infraservice\"\r\n      \/>\r\n    <\/a>\r\n\r\n    <nav class=\"jvw-nav\">\r\n      <ul>\r\n        <li><a href=\"#\">Diensten<\/a><\/li>\r\n        <li><a href=\"#\">Projecten<\/a><\/li>\r\n        <li><a href=\"#\">Over JVW Infraservice<\/a><\/li>\r\n        <li><a href=\"#\">Contact<\/a><\/li>\r\n      <\/ul>\r\n    <\/nav>\r\n    \r\n    <div class=\"jvw-mobile-menu\">\r\n  <ul>\r\n    <li><a href=\"#\">Diensten<\/a><\/li>\r\n    <li><a href=\"#\">Projecten<\/a><\/li>\r\n    <li><a href=\"#\">Over JVW Infraservice<\/a><\/li>\r\n    <li><a href=\"#\">Contact<\/a><\/li>\r\n    <li>\r\n      <a href=\"mailto:info@jvwinfraservice.nl\" class=\"mobile-cta\">\r\n        info@jvwinfraservice.nl\r\n      <\/a>\r\n    <\/li>\r\n  <\/ul>\r\n<\/div>\r\n\r\n\r\n<a href=\"mailto:info@jvwinfraservice.nl\" class=\"jvw-cta\">\r\n  <span class=\"jvw-cta-text\">Info@jvwinfraservice.nl<\/span>\r\n  <span class=\"jvw-cta-arrow\">\r\n    <img\r\n      src=\"https:\/\/jvwinfraservice.nl\/wp-content\/uploads\/2026\/01\/arrow-right-up-svgrepo-com-7.svg\"\r\n      alt=\"\"\r\n    \/>\r\n  <\/span>\r\n<\/a>\r\n\r\n    <button class=\"jvw-burger\" aria-label=\"Menu\">\r\n      <span><\/span>\r\n      <span><\/span>\r\n      <span><\/span>\r\n    <\/button>\r\n\r\n  <\/div>\r\n<\/header>\r\n\r\n<style> \r\n\r\n:root {\r\n  --jvw-green: #EC7F24;\r\n  --jvw-dark: #142028;\r\n}\r\n\r\n\/* HEADER *\/\r\n.jvw-header {\r\n  position: fixed;\r\n  top: 0;\r\n  left: 0;\r\n  width: 100%;\r\n  background: #ffffff;\r\n  z-index: 9999;\r\n  border-bottom: 1px solid rgba(0,0,0,0.06);\r\n    box-shadow: 0 6px 18px rgba(0, 0, 0, 0.25);\r\n\r\n}\r\n\r\n.jvw-header-inner {\r\n  max-width: 1200px;\r\n  margin: 0 auto;\r\n  padding: 6px 24px;\r\n  display: flex;\r\n  align-items: center;\r\n  gap: 32px;\r\n  transition: padding 0.3s ease;\r\n}\r\n\r\n\/* LOGO *\/\r\n.jvw-logo img {\r\n  height: 92px; \/* start groot *\/\r\n  width: auto;\r\n  transition: height 0.3s ease;\r\n}\r\n\r\n\/* NAV *\/\r\n.jvw-nav {\r\n  flex: 1;\r\n}\r\n\r\n.jvw-nav ul {\r\n  display: flex;\r\n  justify-content: flex-end;\r\n  gap: 28px;\r\n  list-style: none;\r\n  margin: 0;\r\n  padding: 0;\r\n}\r\n\r\n.jvw-nav a {\r\n  text-decoration: none;\r\n  font-size: 15px;\r\n  color: var(--jvw-dark);\r\n  position: relative;\r\n}\r\n\r\n.jvw-nav a::after {\r\n  content: \"\";\r\n  position: absolute;\r\n  left: 0;\r\n  bottom: -6px;\r\n  width: 0;\r\n  height: 2px;\r\n  background: var(--jvw-green);\r\n  transition: width 0.2s ease;\r\n}\r\n\r\n.jvw-nav a:hover::after {\r\n  width: 100%;\r\n}\r\n\r\n\/* CTA *\/\r\n.jvw-cta {\r\n  padding: 10px 22px;\r\n  background: var(--jvw-green);\r\n  color: #ffffff;\r\n  text-decoration: none;\r\n  font-size: 14px;\r\n  font-weight: 600;\r\n  transition: background 0.2s ease;\r\n  white-space: nowrap;\r\n}\r\n\r\n.jvw-cta:hover {\r\n  background: #d9711a;\r\n}\r\n\r\n\/* BURGER *\/\r\n.jvw-burger {\r\n  display: none;\r\n  background: none;\r\n  border: none;\r\n  width: 32px;\r\n  height: 24px;\r\n  padding: 0;\r\n  cursor: pointer;\r\n}\r\n\r\n.jvw-burger span {\r\n  display: block;\r\n  height: 2px;\r\n  background: var(--jvw-dark);\r\n  margin: 5px 0;\r\n  transition: transform 0.2s ease, opacity 0.2s ease;\r\n}\r\n\r\n\/* SCROLLED STATE *\/\r\n.jvw-header.scrolled .jvw-header-inner {\r\n  padding: 8px 24px;\r\n}\r\n\r\n.jvw-header.scrolled .jvw-logo img {\r\n  height: 54px; \/* kleiner bij scroll *\/\r\n}\r\n\r\n\r\n\r\n\r\n.jvw-cta {\r\n  display: inline-flex;\r\n  align-items: center;\r\n  gap: 10px;\r\n  padding: 8px 26px 8px 20px;\r\n  border-radius: 999px;\r\n  background: var(--jvw-green);\r\n  color: #ffffff;\r\n  font-size: 14px;\r\n  font-weight: 600;\r\n  text-decoration: none;\r\n  border: 1px solid var(--jvw-green);\r\n  white-space: nowrap;\r\n  transition: background 0.2s ease, transform 0.15s ease;\r\n}\r\n\r\n.jvw-cta:hover {\r\n  background: #d9711a;\r\n  transform: translateY(-1px);\r\n  color: #FFFFFF;\r\n}\r\n\r\n.jvw-cta-arrow {\r\n  width: 26px;\r\n  height: 26px;\r\n  border-radius: 50%;\r\n  background: #ffffff;\r\n  display: inline-flex;\r\n  align-items: center;\r\n  justify-content: center;\r\n  flex-shrink: 0;\r\n  margin-right: -16px; \/* zelfde \u2018uitstekend\u2019 effect *\/\r\n}\r\n\r\n.jvw-cta-arrow img {\r\n  width: 16px;\r\n  height: 16px;\r\n  display: block;\r\n}\r\n\r\n\r\n\r\n\r\n\r\n@media (max-width: 900px) {\r\n\r\n  .jvw-nav,\r\n  .jvw-cta {\r\n    display: none;\r\n  }\r\n\r\n  .jvw-burger {\r\n    display: block;\r\n    margin-left: auto;\r\n  }\r\n\r\n}\r\n\r\n\r\n\/* MOBILE MENU *\/\r\n.jvw-mobile-menu {\r\n  position: absolute;\r\n  left: 0;\r\n  top: 100%;\r\n  width: 100%;\r\n  background: #ffffff;\r\n  border-bottom: 1px solid rgba(0,0,0,0.08);\r\n  overflow: hidden;\r\n  max-height: 0;\r\n  opacity: 0;\r\n  transition: max-height 0.35s ease, opacity 0.25s ease;\r\n}\r\n\r\n\/* OPEN STATE *\/\r\n.jvw-header.menu-open .jvw-mobile-menu {\r\n  max-height: 480px; \/* ruim genoeg *\/\r\n  opacity: 1;\r\n}\r\n\r\n.jvw-mobile-menu ul {\r\n  list-style: none;\r\n  margin: 0;\r\n  padding: 24px;\r\n  display: flex;\r\n  flex-direction: column;\r\n  gap: 20px;\r\n}\r\n\r\n.jvw-mobile-menu a {\r\n  text-decoration: none;\r\n  font-size: 18px;\r\n  font-weight: 600;\r\n  color: var(--jvw-dark);\r\n}\r\n\r\n.jvw-mobile-menu .mobile-cta {\r\n  margin-top: 12px;\r\n  padding: 14px 18px;\r\n  background: var(--jvw-green);\r\n  color: #ffffff;\r\n  border-radius: 999px;\r\n  text-align: center;\r\n}\r\n\r\n\r\n\r\n<\/style> \r\n\r\n\r\n\r\n<script>\r\n  (function () {\r\n    const header = document.querySelector('.jvw-header');\r\n\r\n    function onScroll() {\r\n      if (window.scrollY > 20) {\r\n        header.classList.add('scrolled');\r\n      } else {\r\n        header.classList.remove('scrolled');\r\n      }\r\n    }\r\n\r\n    window.addEventListener('scroll', onScroll);\r\n    onScroll();\r\n  })();\r\n  \r\n  \r\n  \r\n(function () {\r\n  const header = document.querySelector('.jvw-header');\r\n  const burger = document.querySelector('.jvw-burger');\r\n\r\n  function onScroll() {\r\n    if (window.scrollY > 20) {\r\n      header.classList.add('scrolled');\r\n    } else {\r\n      header.classList.remove('scrolled');\r\n    }\r\n  }\r\n\r\n  burger.addEventListener('click', () => {\r\n    header.classList.toggle('menu-open');\r\n  });\r\n\r\n  window.addEventListener('scroll', onScroll);\r\n  onScroll();\r\n})();\r\n<\/script>\r\n  \r\n\r\n\r\n"},"elements":[],"isInner":false,"widgetType":"html","elType":"widget"}],"isInner":false,"elType":"container"},{"id":"b91ca1c","settings":{"flex_direction":"column","background_background":"classic","hide_desktop":"hidden-desktop","hide_tablet":"hidden-tablet","__globals__":{"background_color":"globals\/colors?id=astglobalcolor6"}},"elements":[{"id":"3ce8649f","settings":{"editor":"<p data-start=\"77\" data-end=\"442\">JVW Infra Service is gespecialiseerd in kleinschalige grond- en infrawerkzaamheden. Wij voeren onder andere ontgravingen voor funderingen en aanbouwen uit, leggen kabel- en leidingtrac\u00e9s aan en plaatsen buitenkasten en aardingsvoorzieningen. Met een praktische aanpak en jarenlange ervaring zorgen wij voor een nette en betrouwbare uitvoering van ieder project.<\/p>","_margin":{"unit":"px","top":"0","right":"15","bottom":"0","left":"15","isLinked":false},"__globals__":{"text_color":"globals\/colors?id=astglobalcolor2"}},"elements":[],"isInner":false,"widgetType":"text-editor","elType":"widget"}],"isInner":false,"elType":"container"},{"id":"3ad95c00","settings":{"flex_gap":{"column":"20","row":"20","isLinked":true,"unit":"px","size":20},"background_background":"classic","padding":{"unit":"px","top":"40","right":"0","bottom":"80","left":"0","isLinked":false},"__globals__":{"background_color":"globals\/colors?id=astglobalcolor6","background_color_b":""},"padding_mobile":{"unit":"px","top":"30","right":"10","bottom":"60","left":"10","isLinked":false},"margin":{"unit":"px","top":"0","right":"0","bottom":"0","left":"0","isLinked":false},"background_color_stop":{"unit":"%","size":20,"sizes":[]},"background_color_b":"#D5E1FF","background_color_b_stop":{"unit":"%","size":90,"sizes":[]},"background_gradient_angle":{"unit":"deg","size":149,"sizes":[]}},"elements":[{"id":"6211d2f","settings":{"html":"<style>\n\/* =========================\n   Container schaal-effect\n========================= *\/\n.jvw-card {\n    transition: transform 0.35s ease;\n}\n\n.jvw-card:hover {\n    transform: scale(1.05);\n}\n\n\/* =========================\n   Afbeelding + overlay\n========================= *\/\n.jvw-image {\n    position: relative;\n    overflow: hidden;\n}\n\n.jvw-image::after {\n    content: \"\";\n    position: absolute;\n    inset: 0;\n    background: linear-gradient(\n        to top,\n        rgba(236, 127, 36, 0.8),\n        rgba(255, 122, 0, 0)\n    );\n    opacity: 0;\n    transition: opacity 0.95s ease;\n}\n\n\/* Overlay zichtbaar bij hover op container *\/\n.jvw-card:hover .jvw-image::after {\n    opacity: 1;\n    cursor:pointer;\n}\n\n\/* Afbeelding subtiel inzoomen *\/\n.jvw-image img {\n    transition: transform 0.25s ease;\n}\n<\/style>"},"elements":[],"isInner":false,"widgetType":"html","elType":"widget"},{"id":"5b3bc32f","settings":{"content_width":"full","flex_direction":"row"},"elements":[{"id":"24f904af","settings":{"content_width":"full"},"elements":[{"id":"2fcfb286","settings":{"image":{"url":"https:\/\/jvwinfraservice.nl\/wp-content\/uploads\/2026\/02\/WhatsApp-Image-2025-12-11-at-20.51.51-kleiner.jpeg","id":2620,"size":"","alt":"","source":"library"},"height":{"unit":"px","size":360,"sizes":[]},"object-fit":"cover"},"elements":[],"isInner":false,"widgetType":"image","elType":"widget"}],"isInner":true,"elType":"container"},{"id":"3867def5","settings":{"content_width":"full"},"elements":[{"id":"19f8f58b","settings":{"image":{"url":"https:\/\/jvwinfraservice.nl\/wp-content\/uploads\/2026\/02\/WhatsApp-Image-2025-12-11-at-20.51.51-kleiner.jpeg","id":2620,"size":"","alt":"","source":"library"},"height":{"unit":"px","size":360,"sizes":[]},"object-fit":"cover"},"elements":[],"isInner":false,"widgetType":"image","elType":"widget"}],"isInner":true,"elType":"container"},{"id":"79006766","settings":{"content_width":"full"},"elements":[{"id":"39944b16","settings":{"image":{"url":"https:\/\/jvwinfraservice.nl\/wp-content\/uploads\/2026\/02\/WhatsApp-Image-2025-12-11-at-20.51.51-kleiner.jpeg","id":2620,"size":"","alt":"","source":"library"},"height":{"unit":"px","size":360,"sizes":[]},"object-fit":"cover"},"elements":[],"isInner":false,"widgetType":"image","elType":"widget"}],"isInner":true,"elType":"container"}],"isInner":true,"elType":"container"}],"isInner":false,"elType":"container"},{"id":"4e7fe8","settings":{"flex_direction":"column","background_background":"classic","padding":{"unit":"px","top":"50","right":"0","bottom":"50","left":"0","isLinked":false},"padding_mobile":{"unit":"px","top":"80","right":"10","bottom":"80","left":"10","isLinked":false},"__globals__":{"background_color":"globals\/colors?id=astglobalcolor0"},"hide_desktop":"hidden-desktop","hide_tablet":"hidden-tablet","hide_mobile":"hidden-mobile"},"elements":[{"id":"45cb6f44","settings":{"title":"Recensies","align":"left","typography_typography":"custom","typography_font_family":"Work Sans","typography_font_size":{"unit":"px","size":45,"sizes":[]},"typography_font_size_tablet":{"unit":"px","size":98,"sizes":[]},"typography_font_size_mobile":{"unit":"px","size":28,"sizes":[]},"typography_font_weight":"700","typography_letter_spacing":{"unit":"px","size":-3,"sizes":[]},"typography_letter_spacing_tablet":{"unit":"px","size":-2,"sizes":[]},"_margin":{"unit":"px","top":"0","right":"0","bottom":"0","left":"0","isLinked":false},"_margin_tablet":{"unit":"px","top":"-45","right":"0","bottom":"0","left":"0","isLinked":false},"_margin_mobile":{"unit":"px","top":"0","right":"0","bottom":"0","left":"0","isLinked":false},"__globals__":{"title_color":"globals\/colors?id=astglobalcolor6"},"_animation":"fadeInLeft"},"elements":[],"isInner":false,"widgetType":"heading","elType":"widget"},{"id":"488b6c2d","settings":{"content_width":"full","flex_direction":"row","padding_mobile":{"unit":"px","top":"0","right":"0","bottom":"0","left":"0","isLinked":true}},"elements":[{"id":"465a6749","settings":{"content_width":"full","flex_direction":"row","background_background":"classic","background_color":"#F1F1F1","border_radius":{"unit":"px","top":"25","right":"25","bottom":"25","left":"25","isLinked":true}},"elements":[{"id":"75c63f86","settings":{"content_width":"full","width":{"unit":"px","size":150,"sizes":[]}},"elements":[{"id":"2de8975a","settings":{"image":{"url":"https:\/\/jvwinfraservice.nl\/wp-content\/uploads\/2021\/11\/avatar_on_about.png","id":925,"size":"","alt":"","source":"library"},"width":{"unit":"px","size":110,"sizes":[]},"width_tablet":{"unit":"px","size":"","sizes":[]},"width_mobile":{"unit":"px","size":"","sizes":[]},"height":{"unit":"px","size":110,"sizes":[]},"object-fit":"contain","image_border_radius":{"unit":"%","top":"9999","right":"9999","bottom":"9999","left":"9999","isLinked":true},"image_border_radius_tablet":{"unit":"%","top":"","right":"","bottom":"","left":"","isLinked":true},"image_border_radius_mobile":{"unit":"%","top":"","right":"","bottom":"","left":"","isLinked":true}},"elements":[],"isInner":false,"widgetType":"image","elType":"widget"}],"isInner":true,"elType":"container"},{"id":"7165fc9c","settings":{"content_width":"full","flex_gap":{"column":"5","row":"5","isLinked":true,"unit":"px","size":5}},"elements":[{"id":"80b884","settings":{"rating_value":4},"elements":[],"isInner":false,"widgetType":"rating","elType":"widget"},{"id":"33787522","settings":{"editor":"<p>Naam van persoon<\/p>","typography_typography":"custom","typography_font_weight":"700","__globals__":{"text_color":"globals\/colors?id=secondary"}},"elements":[],"isInner":false,"widgetType":"text-editor","elType":"widget"},{"id":"42cd8a48","settings":{"editor":"<p>Heel erg tevreden met de service enz.<\/p>","typography_typography":"custom","typography_font_size":{"unit":"px","size":15,"sizes":[]},"typography_font_weight":"500","__globals__":{"text_color":"globals\/colors?id=secondary"}},"elements":[],"isInner":false,"widgetType":"text-editor","elType":"widget"}],"isInner":true,"elType":"container"}],"isInner":true,"elType":"container"},{"id":"58c4ad0a","settings":{"content_width":"full","flex_direction":"row","background_background":"classic","background_color":"#F1F1F1","border_radius":{"unit":"px","top":"25","right":"25","bottom":"25","left":"25","isLinked":true}},"elements":[{"id":"5303c52a","settings":{"content_width":"full","width":{"unit":"px","size":150,"sizes":[]}},"elements":[{"id":"299a0d32","settings":{"image":{"url":"https:\/\/jvwinfraservice.nl\/wp-content\/uploads\/2021\/11\/avatar_on_about.png","id":925,"size":"","alt":"","source":"library"},"width":{"unit":"px","size":110,"sizes":[]},"width_tablet":{"unit":"px","size":"","sizes":[]},"width_mobile":{"unit":"px","size":"","sizes":[]},"height":{"unit":"px","size":110,"sizes":[]},"object-fit":"contain","image_border_radius":{"unit":"%","top":"9999","right":"9999","bottom":"9999","left":"9999","isLinked":true},"image_border_radius_tablet":{"unit":"%","top":"","right":"","bottom":"","left":"","isLinked":true},"image_border_radius_mobile":{"unit":"%","top":"","right":"","bottom":"","left":"","isLinked":true}},"elements":[],"isInner":false,"widgetType":"image","elType":"widget"}],"isInner":true,"elType":"container"},{"id":"39303b9e","settings":{"content_width":"full","flex_gap":{"column":"5","row":"5","isLinked":true,"unit":"px","size":5}},"elements":[{"id":"5a038010","settings":{"rating_value":4},"elements":[],"isInner":false,"widgetType":"rating","elType":"widget"},{"id":"2fcb27cf","settings":{"editor":"<p>Naam van persoon<\/p>","typography_typography":"custom","typography_font_weight":"700","__globals__":{"text_color":"globals\/colors?id=secondary"}},"elements":[],"isInner":false,"widgetType":"text-editor","elType":"widget"},{"id":"53df41fe","settings":{"editor":"<p>Heel erg tevreden met de service enz.<\/p>","typography_typography":"custom","typography_font_size":{"unit":"px","size":15,"sizes":[]},"typography_font_weight":"500","__globals__":{"text_color":"globals\/colors?id=secondary"}},"elements":[],"isInner":false,"widgetType":"text-editor","elType":"widget"}],"isInner":true,"elType":"container"}],"isInner":true,"elType":"container"},{"id":"65a0dccd","settings":{"content_width":"full","flex_direction":"row","background_background":"classic","background_color":"#F1F1F1","border_radius":{"unit":"px","top":"25","right":"25","bottom":"25","left":"25","isLinked":true}},"elements":[{"id":"76c93c9a","settings":{"content_width":"full","width":{"unit":"px","size":150,"sizes":[]}},"elements":[{"id":"6dbbb941","settings":{"image":{"url":"https:\/\/jvwinfraservice.nl\/wp-content\/uploads\/2021\/11\/avatar_on_about.png","id":925,"size":"","alt":"","source":"library"},"width":{"unit":"px","size":110,"sizes":[]},"width_tablet":{"unit":"px","size":"","sizes":[]},"width_mobile":{"unit":"px","size":"","sizes":[]},"height":{"unit":"px","size":110,"sizes":[]},"object-fit":"contain","image_border_radius":{"unit":"%","top":"9999","right":"9999","bottom":"9999","left":"9999","isLinked":true},"image_border_radius_tablet":{"unit":"%","top":"","right":"","bottom":"","left":"","isLinked":true},"image_border_radius_mobile":{"unit":"%","top":"","right":"","bottom":"","left":"","isLinked":true}},"elements":[],"isInner":false,"widgetType":"image","elType":"widget"}],"isInner":true,"elType":"container"},{"id":"246ff59e","settings":{"content_width":"full","flex_gap":{"column":"5","row":"5","isLinked":true,"unit":"px","size":5}},"elements":[{"id":"77860450","settings":{"rating_value":4},"elements":[],"isInner":false,"widgetType":"rating","elType":"widget"},{"id":"8835035","settings":{"editor":"<p>Naam van persoon<\/p>","typography_typography":"custom","typography_font_weight":"700","__globals__":{"text_color":"globals\/colors?id=secondary"}},"elements":[],"isInner":false,"widgetType":"text-editor","elType":"widget"},{"id":"6a0d37bd","settings":{"editor":"<p>Heel erg tevreden met de service enz.<\/p>","typography_typography":"custom","typography_font_size":{"unit":"px","size":15,"sizes":[]},"typography_font_weight":"500","__globals__":{"text_color":"globals\/colors?id=secondary"}},"elements":[],"isInner":false,"widgetType":"text-editor","elType":"widget"}],"isInner":true,"elType":"container"}],"isInner":true,"elType":"container"}],"isInner":true,"elType":"container"}],"isInner":false,"elType":"container"},{"id":"223b0584","settings":{"flex_direction":"column","background_background":"classic","background_overlay_background":"classic","background_overlay_image":{"url":"","id":"","size":"","alt":"","source":"library"},"background_overlay_position":"top left","background_overlay_repeat":"no-repeat","background_overlay_size":"initial","background_overlay_bg_width":{"unit":"%","size":35,"sizes":[]},"background_overlay_bg_width_tablet":{"unit":"%","size":"","sizes":[]},"background_overlay_bg_width_mobile":{"unit":"%","size":"","sizes":[]},"background_overlay_opacity":{"unit":"px","size":1,"sizes":[]},"padding":{"unit":"px","top":"50","right":"0","bottom":"0","left":"0","isLinked":false},"__globals__":{"background_color":"globals\/colors?id=astglobalcolor1"},"background_image":{"url":"","id":"","size":"","alt":"","source":"library"},"background_size":"cover","background_position_mobile":"bottom right","padding_mobile":{"unit":"px","top":"200","right":"0","bottom":"0","left":"0","isLinked":false}},"elements":[{"id":"407417f3","settings":{"image":{"url":"https:\/\/jvwinfraservice.nl\/wp-content\/uploads\/2025\/12\/Nauwkeurig-inmeten.jpg","id":2174,"size":"","alt":"","source":"library"},"width":{"unit":"vw","size":38,"sizes":[]},"width_tablet":{"unit":"px","size":"","sizes":[]},"width_mobile":{"unit":"px","size":300,"sizes":[]},"height":{"unit":"%","size":100,"sizes":[]},"object-fit":"contain","image_border_radius":{"unit":"px","top":"0","right":"0","bottom":"500","left":"999","isLinked":false},"_position":"absolute","_offset_orientation_h":"end","height_tablet":{"unit":"%","size":"","sizes":[]},"height_mobile":{"unit":"%","size":"","sizes":[]}},"elements":[],"isInner":false,"widgetType":"image","elType":"widget"},{"id":"78b49ef7","settings":{"content_width":"full","flex_align_items":"center"},"elements":[{"id":"cefeb3b","settings":{"image":{"url":"https:\/\/jvwinfraservice.nl\/wp-content\/uploads\/2026\/02\/Logo-JVW-infra-service-wit-scaled.png","id":2594,"size":"","alt":"","source":"library"},"image_size":"full","width":{"unit":"px","size":180,"sizes":[]},"width_tablet":{"unit":"px","size":"","sizes":[]},"width_mobile":{"unit":"px","size":120,"sizes":[]}},"elements":[],"isInner":false,"widgetType":"image","elType":"widget"}],"isInner":true,"elType":"container"},{"id":"4d6c2e7e","settings":{"content_width":"full","flex_direction":"row"},"elements":[{"id":"2d3e21e2","settings":{"content_width":"full","flex_align_items_mobile":"flex-start","flex_gap_mobile":{"column":"0","row":"0","isLinked":true,"unit":"px","size":0}},"elements":[{"id":"d82ef8c","settings":{"title":"Meer informatie","header_size":"h5","align":"end","typography_typography":"custom","typography_font_family":"Work Sans","typography_font_size":{"unit":"px","size":22,"sizes":[]},"typography_font_size_tablet":{"unit":"px","size":98,"sizes":[]},"typography_font_size_mobile":{"unit":"px","size":24,"sizes":[]},"typography_font_weight":"700","typography_letter_spacing":{"unit":"px","size":-0.5,"sizes":[]},"typography_letter_spacing_tablet":{"unit":"px","size":-2,"sizes":[]},"title_color":"#EC7F24","_margin":{"unit":"px","top":"0","right":"0","bottom":"0","left":"0","isLinked":false},"_margin_tablet":{"unit":"px","top":"-45","right":"0","bottom":"0","left":"0","isLinked":false},"_margin_mobile":{"unit":"px","top":"-40","right":"0","bottom":"0","left":"0","isLinked":false},"_animation":"none","__globals__":{"title_color":""}},"elements":[],"isInner":false,"widgetType":"heading","elType":"widget"},{"id":"3a165036","settings":{"icon_list":[{"text":"Diensten","_id":"7f0ce75","selected_icon":{"value":"","library":""},"link":{"url":"\/diensten\/","is_external":"","nofollow":"","custom_attributes":""}},{"text":"Projecten","selected_icon":{"value":"","library":""},"link":{"url":"\/projecten\/","is_external":"","nofollow":"","custom_attributes":""},"_id":"e1a308b"},{"text":"Over JVW Infraservice","selected_icon":{"value":"","library":""},"link":{"url":"\/over\/","is_external":"","nofollow":"","custom_attributes":""},"_id":"f4bd8be"},{"text":"Contact","selected_icon":{"value":"","library":""},"link":{"url":"\/contact\/","is_external":"","nofollow":"","custom_attributes":""},"_id":"e471ce0"}],"space_between":{"unit":"px","size":16,"sizes":[]},"icon_align":"end","icon_size":{"unit":"px","size":36,"sizes":[]},"text_indent":{"unit":"px","size":4,"sizes":[]},"icon_typography_typography":"custom","icon_typography_font_weight":"600","space_between_mobile":{"unit":"px","size":5,"sizes":[]},"icon_align_mobile":"start","__globals__":{"text_color":"globals\/colors?id=astglobalcolor6","text_color_hover":"globals\/colors?id=astglobalcolor0"}},"elements":[],"isInner":false,"widgetType":"icon-list","elType":"widget"}],"isInner":true,"elType":"container"},{"id":"28478552","settings":{"content_width":"full","width":{"unit":"px","size":30,"sizes":[]},"border_border":"solid","border_width":{"unit":"px","top":"0","right":"0","bottom":"0","left":"1","isLinked":false},"border_color":"#083F62","border_radius":{"unit":"px","top":"0","right":"0","bottom":"0","left":"0","isLinked":false},"margin":{"unit":"px","top":"0","right":"-15","bottom":"0","left":"0","isLinked":false},"hide_mobile":"hidden-mobile"},"elements":[],"isInner":true,"elType":"container"},{"id":"2889025a","settings":{"content_width":"full"},"elements":[{"id":"31736011","settings":{"title":"Contactinformatie","header_size":"h5","align":"start","typography_typography":"custom","typography_font_family":"Work Sans","typography_font_size":{"unit":"px","size":22,"sizes":[]},"typography_font_size_tablet":{"unit":"px","size":98,"sizes":[]},"typography_font_size_mobile":{"unit":"px","size":24,"sizes":[]},"typography_font_weight":"700","typography_letter_spacing":{"unit":"px","size":-0.5,"sizes":[]},"typography_letter_spacing_tablet":{"unit":"px","size":-2,"sizes":[]},"_margin":{"unit":"px","top":"0","right":"0","bottom":"0","left":"0","isLinked":false},"_margin_tablet":{"unit":"px","top":"-45","right":"0","bottom":"0","left":"0","isLinked":false},"_margin_mobile":{"unit":"px","top":"0","right":"0","bottom":"-5","left":"0","isLinked":false},"_animation":"none","__globals__":{"title_color":"globals\/colors?id=astglobalcolor0"}},"elements":[],"isInner":false,"widgetType":"heading","elType":"widget"},{"id":"20cbd1cf","settings":{"icon_list":[{"text":"06 46970719","_id":"7f0ce75","selected_icon":{"value":{"url":"https:\/\/jvwinfraservice.nl\/wp-content\/uploads\/2026\/01\/phone-svgrepo-com.svg","id":2532},"library":"svg"},"link":{"url":"tel:0646970719","is_external":"","nofollow":"","custom_attributes":""}},{"text":"info@jvwinfraservice.nl","selected_icon":{"value":{"url":"https:\/\/jvwinfraservice.nl\/wp-content\/uploads\/2026\/01\/mail-svgrepo-com-1.svg","id":2533},"library":"svg"},"_id":"66f956c","link":{"url":"mailto:info@jvwinfraservice.nl","is_external":"","nofollow":"","custom_attributes":""}},{"text":"Joost van Wageningen","selected_icon":{"value":{"url":"https:\/\/jvwinfraservice.nl\/wp-content\/uploads\/2026\/01\/linkedin-svgrepo-com.svg","id":2530},"library":"svg"},"_id":"49b052a"}],"space_between":{"unit":"px","size":16,"sizes":[]},"icon_size":{"unit":"px","size":36,"sizes":[]},"text_indent":{"unit":"px","size":4,"sizes":[]},"icon_typography_typography":"custom","icon_typography_font_weight":"600","space_between_mobile":{"unit":"px","size":9,"sizes":[]},"__globals__":{"text_color":"globals\/colors?id=astglobalcolor6","text_color_hover":"globals\/colors?id=astglobalcolor0"}},"elements":[],"isInner":false,"widgetType":"icon-list","elType":"widget"},{"id":"5d8ea14e","settings":{"text":"Contactformulier","align":"left","text_padding":{"unit":"px","top":"18","right":"60","bottom":"18","left":"60","isLinked":false},"link":{"url":"\/contact\/","is_external":"","nofollow":"","custom_attributes":""},"_margin":{"unit":"px","top":"18","right":"0","bottom":"0","left":"0","isLinked":false}},"elements":[],"isInner":false,"widgetType":"button","elType":"widget"}],"isInner":true,"elType":"container"}],"isInner":true,"elType":"container"}],"isInner":false,"elType":"container"},{"id":"77752871","settings":{"flex_direction":"column","background_background":"classic","background_overlay_background":"classic","background_overlay_image":{"url":"","id":"","size":"","alt":"","source":"library"},"background_overlay_position":"top left","background_overlay_repeat":"no-repeat","background_overlay_size":"initial","background_overlay_bg_width":{"unit":"%","size":35,"sizes":[]},"background_overlay_bg_width_tablet":{"unit":"%","size":"","sizes":[]},"background_overlay_bg_width_mobile":{"unit":"%","size":"","sizes":[]},"background_overlay_opacity":{"unit":"px","size":1,"sizes":[]},"padding":{"unit":"px","top":"50","right":"0","bottom":"0","left":"0","isLinked":false},"__globals__":{"background_color":"globals\/colors?id=astglobalcolor1"},"background_image":{"url":"https:\/\/jvwinfraservice.nl\/wp-content\/uploads\/2026\/01\/Footer-jvw-1.svg","id":2528,"size":"","alt":"","source":"library"},"background_size":"cover","background_position_mobile":"bottom right","padding_mobile":{"unit":"px","top":"200","right":"0","bottom":"0","left":"0","isLinked":false},"hide_desktop":"hidden-desktop","hide_tablet":"hidden-tablet","hide_mobile":"hidden-mobile"},"elements":[{"id":"4bea3eb4","settings":{"image":{"url":"https:\/\/jvwinfraservice.nl\/wp-content\/uploads\/2025\/12\/Nauwkeurig-inmeten.jpg","id":2174,"size":"","alt":"","source":"library"},"width":{"unit":"vw","size":38,"sizes":[]},"width_tablet":{"unit":"px","size":"","sizes":[]},"width_mobile":{"unit":"px","size":300,"sizes":[]},"height":{"unit":"%","size":100,"sizes":[]},"object-fit":"contain","image_border_radius":{"unit":"px","top":"0","right":"0","bottom":"500","left":"999","isLinked":false},"_position":"absolute","_offset_orientation_h":"end","height_tablet":{"unit":"%","size":"","sizes":[]},"height_mobile":{"unit":"%","size":"","sizes":[]}},"elements":[],"isInner":false,"widgetType":"image","elType":"widget"},{"id":"90bbd94","settings":{"content_width":"full","flex_align_items":"center"},"elements":[{"id":"6ac461e7","settings":{"image":{"url":"https:\/\/jvwinfraservice.nl\/wp-content\/uploads\/2025\/12\/Logo-jvw-infra-service.png","id":2129,"size":"","alt":"","source":"library"},"image_size":"full","width":{"unit":"px","size":180,"sizes":[]},"width_tablet":{"unit":"px","size":"","sizes":[]},"width_mobile":{"unit":"px","size":120,"sizes":[]}},"elements":[],"isInner":false,"widgetType":"image","elType":"widget"}],"isInner":true,"elType":"container"},{"id":"99f27df","settings":{"content_width":"full","flex_direction":"row"},"elements":[{"id":"1f8656e7","settings":{"content_width":"full","flex_align_items_mobile":"flex-start","flex_gap_mobile":{"column":"0","row":"0","isLinked":true,"unit":"px","size":0}},"elements":[{"id":"17b9b828","settings":{"title":"Meer informatie","header_size":"h5","align":"end","typography_typography":"custom","typography_font_family":"Work Sans","typography_font_size":{"unit":"px","size":22,"sizes":[]},"typography_font_size_tablet":{"unit":"px","size":98,"sizes":[]},"typography_font_size_mobile":{"unit":"px","size":24,"sizes":[]},"typography_font_weight":"700","typography_letter_spacing":{"unit":"px","size":-0.5,"sizes":[]},"typography_letter_spacing_tablet":{"unit":"px","size":-2,"sizes":[]},"title_color":"#EC7F24","_margin":{"unit":"px","top":"0","right":"0","bottom":"0","left":"0","isLinked":false},"_margin_tablet":{"unit":"px","top":"-45","right":"0","bottom":"0","left":"0","isLinked":false},"_margin_mobile":{"unit":"px","top":"-40","right":"0","bottom":"0","left":"0","isLinked":false},"_animation":"none","__globals__":{"title_color":""}},"elements":[],"isInner":false,"widgetType":"heading","elType":"widget"},{"id":"4a63e4e3","settings":{"icon_list":[{"text":"Diensten","_id":"7f0ce75","selected_icon":{"value":"","library":""},"link":{"url":"\/diensten\/","is_external":"","nofollow":"","custom_attributes":""}},{"text":"Projecten","selected_icon":{"value":"","library":""},"link":{"url":"\/projecten\/","is_external":"","nofollow":"","custom_attributes":""},"_id":"e1a308b"},{"text":"Over JVW Infraservice","selected_icon":{"value":"","library":""},"link":{"url":"\/over\/","is_external":"","nofollow":"","custom_attributes":""},"_id":"f4bd8be"},{"text":"Contact","selected_icon":{"value":"","library":""},"link":{"url":"\/contact\/","is_external":"","nofollow":"","custom_attributes":""},"_id":"e471ce0"}],"text_color":"#083F62","space_between":{"unit":"px","size":16,"sizes":[]},"icon_align":"end","icon_size":{"unit":"px","size":36,"sizes":[]},"text_indent":{"unit":"px","size":4,"sizes":[]},"icon_typography_typography":"custom","icon_typography_font_weight":"600","text_color_hover":"#135BFD","space_between_mobile":{"unit":"px","size":5,"sizes":[]},"icon_align_mobile":"start"},"elements":[],"isInner":false,"widgetType":"icon-list","elType":"widget"}],"isInner":true,"elType":"container"},{"id":"3e8c5019","settings":{"content_width":"full","width":{"unit":"px","size":30,"sizes":[]},"border_border":"solid","border_width":{"unit":"px","top":"0","right":"0","bottom":"0","left":"1","isLinked":false},"border_color":"#083F62","border_radius":{"unit":"px","top":"0","right":"0","bottom":"0","left":"0","isLinked":false},"margin":{"unit":"px","top":"0","right":"-15","bottom":"0","left":"0","isLinked":false},"hide_mobile":"hidden-mobile"},"elements":[],"isInner":true,"elType":"container"},{"id":"26f4cb18","settings":{"content_width":"full"},"elements":[{"id":"5be9c9f4","settings":{"title":"Contactinformatie","header_size":"h5","align":"start","typography_typography":"custom","typography_font_family":"Work Sans","typography_font_size":{"unit":"px","size":22,"sizes":[]},"typography_font_size_tablet":{"unit":"px","size":98,"sizes":[]},"typography_font_size_mobile":{"unit":"px","size":24,"sizes":[]},"typography_font_weight":"700","typography_letter_spacing":{"unit":"px","size":-0.5,"sizes":[]},"typography_letter_spacing_tablet":{"unit":"px","size":-2,"sizes":[]},"_margin":{"unit":"px","top":"0","right":"0","bottom":"0","left":"0","isLinked":false},"_margin_tablet":{"unit":"px","top":"-45","right":"0","bottom":"0","left":"0","isLinked":false},"_margin_mobile":{"unit":"px","top":"0","right":"0","bottom":"-5","left":"0","isLinked":false},"_animation":"none","__globals__":{"title_color":"globals\/colors?id=astglobalcolor0"}},"elements":[],"isInner":false,"widgetType":"heading","elType":"widget"},{"id":"5ef82232","settings":{"icon_list":[{"text":"06 46970719","_id":"7f0ce75","selected_icon":{"value":{"url":"https:\/\/jvwinfraservice.nl\/wp-content\/uploads\/2026\/01\/phone-svgrepo-com.svg","id":2532},"library":"svg"},"link":{"url":"tel:0646970719","is_external":"","nofollow":"","custom_attributes":""}},{"text":"info@jvwinfraservice.nl","selected_icon":{"value":{"url":"https:\/\/jvwinfraservice.nl\/wp-content\/uploads\/2026\/01\/mail-svgrepo-com-1.svg","id":2533},"library":"svg"},"_id":"66f956c","link":{"url":"mailto:info@jvwinfraservice.nl","is_external":"","nofollow":"","custom_attributes":""}},{"text":"Joost van Wageningen","selected_icon":{"value":{"url":"https:\/\/jvwinfraservice.nl\/wp-content\/uploads\/2026\/01\/linkedin-svgrepo-com.svg","id":2530},"library":"svg"},"_id":"49b052a"}],"text_color":"#083F62","space_between":{"unit":"px","size":16,"sizes":[]},"icon_size":{"unit":"px","size":36,"sizes":[]},"text_indent":{"unit":"px","size":4,"sizes":[]},"icon_typography_typography":"custom","icon_typography_font_weight":"600","text_color_hover":"#135BFD","space_between_mobile":{"unit":"px","size":9,"sizes":[]}},"elements":[],"isInner":false,"widgetType":"icon-list","elType":"widget"},{"id":"6152f540","settings":{"text":"Contactformulier","align":"left","text_padding":{"unit":"px","top":"18","right":"60","bottom":"18","left":"60","isLinked":false},"link":{"url":"\/contact\/","is_external":"","nofollow":"","custom_attributes":""},"_margin":{"unit":"px","top":"18","right":"0","bottom":"0","left":"0","isLinked":false}},"elements":[],"isInner":false,"widgetType":"button","elType":"widget"}],"isInner":true,"elType":"container"}],"isInner":true,"elType":"container"}],"isInner":false,"elType":"container"}],"settings":{"template":"default","astra_sites_main_color":"var(--ast-global-color-0)","astra_sites_heading_base_color":"var(--ast-global-color-2)","astra_sites_link_color":"var(--ast-global-color-0)","astra_sites_link_hover_color":"var(--ast-global-color-1)","astra_sites_text_color":"var(--ast-global-color-3)","astra_sites_body_typography":"custom","astra_sites_body_font_size":{"unit":"px","size":16},"astra_sites_body_line_height":{"unit":"em","size":1.7},"astra_sites_body_font_family":"DM Sans","astra_sites_body_font_weight":"400","astra_sites_heading_1_typography":"custom","astra_sites_heading_1_font_size":{"unit":"px","size":64},"astra_sites_default_heading_font_family":"'DM Sans', sans-serif","astra_sites_heading_1_font_family":"'DM Sans'","astra_sites_heading_1_font_weight":"400","astra_sites_heading_2_typography":"custom","astra_sites_heading_2_font_size":{"unit":"px","size":30},"astra_sites_heading_2_font_family":"'DM Sans'","astra_sites_heading_2_font_weight":"400","astra_sites_heading_3_typography":"custom","astra_sites_heading_3_font_size":{"unit":"px","size":20},"astra_sites_heading_3_font_family":"'DM Sans'","astra_sites_heading_3_font_weight":"400","astra_sites_heading_4_typography":"custom","astra_sites_heading_4_font_size":{"unit":"px","size":35},"astra_sites_heading_4_font_size_tablet":{"unit":"px","size":35},"astra_sites_heading_4_font_size_mobile":{"unit":"px","size":24},"astra_sites_heading_4_font_family":"'DM Sans'","astra_sites_heading_4_font_weight":"400","astra_sites_heading_4_text_transform":"none","astra_sites_heading_5_typography":"custom","astra_sites_heading_5_font_size":{"unit":"px","size":18},"astra_sites_heading_5_font_family":"'DM Sans'","astra_sites_heading_5_font_weight":"400","astra_sites_heading_5_text_transform":"none","astra_sites_heading_6_typography":"custom","astra_sites_heading_6_font_size":{"unit":"px","size":15},"astra_sites_heading_6_font_family":"'DM Sans'","astra_sites_heading_6_font_weight":"400","astra_sites_heading_6_text_transform":"none","astra_sites_page_setting_enable":"","hide_title":"yes"},"metadata":{"site-post-title":"disabled","ast-title-bar-display":"disabled","ast-featured-img":"disabled","site-content-layout":"page-builder","site-sidebar-layout":"no-sidebar","theme-transparent-header-meta":"enabled"}}